,Rank,Collection,Volume,24h %,7d %,Floor Price,Owners,Items
75,1,Invisible Friends,"24,066.21",-71.06%,---,5.7,4.2K,5.0K
73,2,3Landers,"14,054.88",-17.29%,+139.52%,1.6,5.3K,10.0K
74,3,tubby cats by tubby collective,"12,117.25",-14.73%,+578.27%,0.44,10.5K,20.0K
69,4,Bored Ape Yacht Club,"9,587.16",-15.75%,+74.52%,87,6.3K,10.0K
72,5,Starcatchers,"6,437.86",-47.76%,---,0.38,5.5K,10.0K
70,6,CryptoPunks,"5,882.85",-61.66%,+116.56%,---,3.4K,10.0K
71,7,The Doggies (Snoop Dogg),"5,721.42",-7.57%,---,0.59,7.0K,10.0K
61,8,HOWLERZ,"5,522.19",-69.34%,---,0.59,2.2K,5.0K
68,9,NFT Worlds,"5,183.07",+62.26%,-46.12%,12,4.6K,10.0K
66,10,CLONE X - X TAKASHI MURAKAMI,"4,999.13",+8.63%,+2.49%,12.8,8.4K,18.9K
67,11,Azuki,"4,945.83",+20.06%,-48.88%,10.77,5.5K,10.0K
62,12,Mutant Ape Yacht Club,"4,680.36",-16.46%,+3.60%,18.1,11.8K,18.0K
65,13,mfers,"4,285.61",-11.34%,-46.90%,2.7,5.1K,10.0K
63,14,DEGEN TOONZ COLLECTION,"4,071.51",-35.87%,+2898.37%,0.68,4.2K,8.9K
64,15,WonderPals,"3,901.44",-84.03%,---,1.04,6.9K,9.0K
45,16,Doodles,"3,036.26",+17.67%,+65.45%,12.3,6.1K,10.0K
60,17,RTFKT - MNLTH,"2,854.81",+19.27%,+15.72%,5.39,8.8K,1
58,18,DentedFeelsNFT,"2,851.97",-9.67%,---,0.36,6.0K,11.1K
59,19,Pixelmon - Generation 1,"2,622.44",+65.95%,+190.08%,0.43,5.5K,10.0K
54,20,The Sandbox,"2,566.64",-15.09%,-6.75%,3.24,19.9K,162.1K
57,21,Sunmiya Club Official,"5,796,574.26",-45.99%,---,700,3.7K,10.0K
55,22,Cool Cats NFT,"2,397.55",-13.08%,+25.14%,8.1,5.3K,9.9K
56,23,Karafuru,"2,371.97",-66.83%,-27.66%,2.87,3.6K,5.6K
46,24,Worldwide Webb Land,"2,321.77",+1.59%,-29.65%,2.5,4.8K,9.5K
75,25,CatBlox Genesis Collection,"2,040.48",-66.21%,-58.07%,0.42,5.3K,10.0K
51,26,Acrocalypse,"1,800.07",-32.30%,+228.03%,0.31,3.9K,10.0K
74,27,Cool Pets NFT,"1,618.35",-19.25%,-46.75%,1.53,10.4K,18.6K
47,28,Metroverse,"1,607.37",+61.97%,+2.02%,1.78,451,10.0K
72,29,adidas Originals Into the Metaverse,"1,525.59",+18.62%,-23.66%,1.3,21.9K,1
48,30,Genesis Bloodshed Bears,"1,510.6",+205.34%,+30526.89%,0.14,1.4K,7.0K
49,31,"SYLTARE, Freezed","3,168,752.3",-100.00%,---,130,2.5K,8.9K
0,32,Weather Report Intl.,"1,311.2",-84.64%,---,0.1,4.9K,10.0K
44,33,The mfer chicks,"1,257.86",-40.27%,---,0.13,2.8K,5.6K
42,34,Llamaverse Genesis,"1,239.71",-62.05%,---,1.2,3.2K,4.0K
43,35,Meta Toy DragonZ,"2,724,738.59",-65.27%,-60.51%,3870,2.5K,9.7K
62,36,BYOLand,"1,153.02",+13.11%,+166.50%,2,3.0K,10.1K
41,37,Shadow Quest,"1,106.17",-20.74%,+435.54%,0.18,881,10.0K
39,38,CyberFrogz,"1,098.09",+16.00%,---,0.06,2.7K,5.6K
40,39,Bunny Buddies,"1,089.14",+251.22%,+22.86%,0.18,5.1K,8.9K
30,40,THE META KONGZ,"2,507,093.16",+47.39%,-47.94%,14900,3.7K,10.0K
61,41,G.rilla OFFICIAL,"2,450,882.11",-45.55%,-75.10%,1590,4.6K,10.0K
59,42,Champions Ascension,"1,060.04",-52.78%,---,0.4,2.9K,7.6K
36,43,JPEG Cards,"1,054.26",+137.23%,---,1.8,540,969
55,44,Bored Ape Kennel Club,"1,007.9",-55.59%,+55.74%,7.44,5.4K,9.6K
58,45,SYLTARE-OFFICIAL,"2,261,701.28",-39.80%,-19.31%,5100,2.5K,9.7K
32,46,Coolman's Universe,959.34,-12.79%,-59.67%,1.64,5.6K,10.0K
57,47,SoulZ Monogatari,900.33,-24.63%,-48.22%,0.39,4.9K,7.8K
1,48,Decentraland,876.02,+49.06%,-45.61%,4.63,6.8K,97.3K
53,49,Creepz Genesis,874.96,+72.01%,+0.43%,2.75,315,11.1K
27,50,SkuxxVerse Pass,874.66,-13.26%,-59.41%,0.36,3.0K,7.8K
52,51,World of Women,857.36,+73.06%,-30.86%,8.6,5.1K,10.0K
47,52,Meta Adventure Official,"1,969,552.52",+430.41%,---,584,4.7K,9.5K
50,53,HAPE PRIME,851.79,+71.69%,-51.40%,1.99,5.8K,8.2K
48,54,Hero Galaxy: Heroes,847.36,-7.03%,-55.65%,0.4,2.2K,5.6K
25,55,Parallel Alpha,829.81,+141.11%,+292.40%,< 0.01,41.7K,529
2,56,Meta Eagle Club. Galyverse by Gal Yosef,827.28,-39.43%,+177.72%,0.29,6.6K,12.0K
22,57,TURTLE TOWN NFT,806.62,-63.70%,---,0.05,4.3K,10.0K
20,58,Psychedelics Anonymous Genesis,791,-40.91%,-65.14%,3.6,6.0K,9.6K
21,59,Kaiju Mutants NFT,789.21,+7.87%,+82.77%,0.68,2.0K,3.5K
16,60,The Orbs by BT,777.06,-24.36%,-35.91%,0.95,1.4K,3.3K
19,61,Farm Land by Pixels,764.91,-29.71%,-2.35%,1,2.4K,5.0K
17,62,Art Blocks Curated,730.71,+49.20%,-25.53%,---,11.0K,52.3K
18,63,DeadFellaz,719.82,+125.73%,+46.05%,2.79,6.1K,10.0K
2,64,Elemental by Fang Lijun,690.46,-2.09%,+1376.22%,0.65,1.3K,2.0K
38,65,Kaiju Kingz,675.6,-62.77%,-9.41%,1.48,3.0K,5.1K
13,66,HUXLEY Comics,672.35,+118.09%,+32.12%,0.23,3.8K,27.8K
14,67,Tasty Bones XYZ,667.86,-45.01%,-88.43%,0.84,3.5K,5.0K
32,68,alien frens,657.33,+14.14%,-25.45%,1.5,6.7K,10.0K
35,69,Boss Beauties,649.92,+43.43%,+56.49%,2.47,5.5K,10.0K
33,70,RELI3F UKR,647.17,-72.00%,---,0.02,3.8K,37
11,71,Gray Boys,636.81,+35.80%,-65.78%,1.28,3.3K,10.0K
5,72,Sneaky Vampiress Syndicate,632.54,+90.17%,+1617.59%,0.22,5.9K,12.3K
9,73,Edenhorde,626.39,+172.09%,-90.67%,0.45,3.7K,8.7K
7,74,Critterz Plots,613.18,-31.46%,+1288.15%,0.16,1.4K,17.0K
30,75,Clementines Nightmare,593.23,+5.59%,-76.39%,0.68,3.8K,5.0K
6,76,hausphases by Haus,581.57,+56.52%,-19.09%,0.88,4.8K,7.8K
28,77,Deadfrenz Collection,580.55,-39.33%,+74.53%,0.37,5.5K,8.8K
26,78,Derage,577.74,-81.43%,---,0.07,1.6K,4.2K
27,79,ALPACADABRAZ 3D,571.73,-27.80%,+27.20%,0.19,8.0K,20.0K
4,80,The Habibiz,566.73,-19.90%,+23.19%,0.93,1.9K,4.9K
24,81,OnChainMonkey,555.83,-12.79%,-46.84%,2.15,3.0K,9.5K
22,82,Project NANOPASS,552.55,+50.89%,+101.02%,2.28,4.0K,5.6K
23,83,Women Tribe NFT,551.81,-39.76%,-67.70%,0.14,5.2K,10.0K
18,84,Terraforms by Mathcastles,550.05,-40.35%,+54.87%,0.5,2.2K,9.9K
21,85,Age of Zen Heroes,"1,249,810",-45.99%,---,360,2.6K,7.8K
19,86,Tales Of Tsuki Genesis,536.17,-70.57%,-66.76%,0.04,6.1K,10.0K
20,87,SheepFarm,"1,231,754.12",+21.65%,+42.22%,0.99,19.8K,201.6K
5,88,Town Star,533.96,+49.69%,-23.26%,0.01,40.3K,473
17,89,VeeFriends,529.15,+92.46%,+9.38%,13,5.2K,10.3K
15,90,Floppy Collection,521.43,-83.31%,-15.96%,0.07,5.1K,10.0K
16,91,T-O-S The Other Side,501.24,-71.68%,-81.76%,0.28,2.2K,8.9K
6,92,MultiverseVM,499.97,-28.53%,-6.83%,0.53,2.2K,8.0K
14,93,Invisible Friends Specials,496.69,-100.00%,---,---,1,1
12,94,Satoshi Runners Official,489.44,---,---,0.19,4.0K,7.0K
13,95,Supreme Kong,486.7,-19.62%,-10.46%,0.72,1.2K,2.0K
7,96,NeoTokyo Outer Identities,484.89,+102.96%,+14.17%,2.79,4.1K,4.5K
11,97,Decentral Games ICE Poker,482.69,-34.40%,-47.48%,1.98,4.0K,18.9K
8,98,PeopleInThePlaceTheyLove,474.4,-50.00%,-13.16%,6.65,769,1.0K
9,99,Realms (for Adventurers),470.9,+144.44%,-43.00%,1.29,451,8.0K
10,100,Capsule House,465.29,+439.85%,+77.40%,1.42,3.8K,10.0K
75,101,FULL SEND METACARD NFT,464.94,-39.66%,+10.23%,1.19,7.3K,10.0K
73,102,SlimHoods,457.97,-4.31%,-23.05%,0.55,2.8K,5.0K
74,103,Junior Slotie,454.09,-31.38%,+105.86%,0.48,2.6K,5.8K
69,104,The Door of Dimension,"1,032,738.44",-75.92%,---,1120,2.8K,10.0K
72,105,Netvrk Land,447.49,-4.10%,-9.99%,1.04,3.8K,9.6K
70,106,BOOMGALA_Official,446.97,+51.52%,+235.39%,0.19,2.6K,6.1K
71,107,Quirkies Originals,446.95,+140.61%,-77.22%,0.56,2.5K,5.0K
53,108,Invisible Mfers,444.76,-55.46%,+17549.31%,< 0.01,3.5K,8.0K
68,109,Treeverse,436.59,+14.45%,+4.85%,---,4.7K,20.3K
66,110,Cyber Factory 2,434.95,+75.80%,-24.16%,0.84,9.4K,5
67,111,Slotie NFT,433.77,+63.27%,-10.61%,1.04,4.0K,10.0K
54,112,Official SeKira,433.03,+34.23%,---,0.08,1.7K,3.2K
65,113,Funcles NFT,432.14,-52.13%,---,0.09,2.0K,3.3K
63,114,Grandpa Ape Country Club,431.33,-46.03%,+5.73%,1,2.0K,5.0K
64,115,CyberKongz VX,423.12,-24.62%,-9.91%,2.15,4.5K,14.8K
55,116,Look Labs 420 Game,411.43,-42.83%,-61.60%,0.33,4.1K,2
62,117,FLUF World,408.04,-40.37%,-13.10%,3.4,3.6K,10.0K
56,118,MekaApes Game by OogaVerse,406.13,-32.97%,+123.75%,0.05,1.8K,43.7K
61,119,ALINFT,405.07,-22.02%,-75.04%,0.07,4.2K,8.1K
57,120,Flying Formations,403.84,---,---,5.3,101,120
60,121,Cereal Club,394.61,-48.66%,-71.22%,0.06,4.5K,10.0K
58,122,The Martians: Metaverse,390.05,+193.26%,+8.64%,1.33,3.1K,5.0K
59,123,MoodRollers by Lucas Zanotto,386.17,-32.59%,-21.12%,0.38,2.7K,5.0K
44,124,Genesis Critterz,381.03,-60.47%,+72.28%,1.69,190,3.9K
75,125,CyberKongz,379.11,-88.57%,-25.03%,7.65,2.4K,5.0K
74,126,MetaHero Universe: Planet Tokens,370.72,+18.98%,+7.24%,0.3,11.7K,11
49,127,Alpha Elementary,370.09,-49.56%,+5.48%,0.17,1.1K,3.0K
50,128,Adam Bomb Squad,369.08,-26.98%,+28.52%,0.7,8.7K,25.0K
45,129,MidnightBreeze,369.06,-29.63%,-66.17%,0.36,3.3K,7.0K
48,130,Lil' Heroes by Edgar Plans,356.42,-50.25%,-2.33%,1,4.1K,7.8K
46,131,The MetaPortal,353.59,-34.01%,---,0.4,986,1
70,132,Crypto Tech Women Collection NFT,350.83,-71.41%,---,0.07,3.4K,8.8K
30,133,JRNY CLUB OFFICIAL,344.91,-17.54%,+34.11%,3.58,6.8K,10.0K
43,134,Lazy Lions,342.22,+13.62%,-15.74%,1.6,5.1K,10.1K
41,135,Dooggies,341.99,-30.17%,-84.95%,0.09,3.5K,10.0K
66,136,Meebits,340.31,+64.65%,+35.59%,2.59,5.8K,20.0K
61,137,NeoTokyo Citizens,338.63,+260.34%,+35.89%,15.75,1.9K,2.0K
64,138,CryptoBatz by Ozzy Osbourne,333.72,-34.22%,-52.54%,0.29,6.8K,9.7K
62,139,METAKAYS.,327.48,+2.82%,+2205.81%,0.05,3.2K,8.9K
63,140,Dysto Apez Official,326.5,-48.40%,+316.38%,0.5,2.0K,4.4K
54,141,AngelsDevilsNFT,325.31,-73.90%,---,0.07,2.7K,10.0K
36,142,BYOPill,324.3,+53.65%,+90.94%,2,3.3K,10.0K
34,143,RTFKT PodX,324.07,+44.32%,-24.35%,0.9,9.0K,1
35,144,Toxic Ape Official,"733,436.18",-39.92%,-71.15%,160,3.1K,10.0K
31,145,ASM Brains,316.66,+96.54%,+61.64%,3.12,2.6K,7.3K
57,146,VR Future Genesis,315.53,-43.01%,-17.20%,0.06,2.8K,7.8K
56,147,CYE ChuchuCAT V0,"723,141.29",-62.80%,+153759.85%,995,1.1K,3.5K
31,148,GuoChanLiangXin,311.07,-80.45%,---,0.09,517,1.0K
29,149,PUNKS Comic,304.69,+11.28%,+13.68%,0.17,8.4K,23.2K
27,150,My Pet Hooligan,302.87,+47.13%,+9.47%,0.98,5.2K,8.9K
28,151,Infinite Realm Official,301.12,+3.46%,-63.84%,0.04,3.3K,7.7K
23,152,Block Queens by Jeremy Cowart,298.54,+60.77%,+5039.43%,0.17,724,999
26,153,Artificial Intelligence Club (Genesis),296.61,+328.04%,+2.23%,4.65,286,314
24,154,Treeverse Plots,296.15,+40.57%,+12.38%,1.5,3.8K,10.4K
49,155,"SYLTARE, Dawn of East","680,729.61",-27.79%,---,2900,2.5K,8.9K
8,156,PROOF Collective,294.08,---,-12.87%,32.77,905,1.0K
22,157,Chain Runners,293.84,+71.31%,-55.66%,1.09,3.3K,10.0K
20,158,Turf Plots,291.53,-63.20%,-6.72%,0.6,1.9K,5.0K
21,159,Bored Ape Chemistry Club,285.88,-38.18%,-35.36%,20,1.1K,3
16,160,Zipcy's SuperNormal,282.06,-3.65%,-45.53%,0.59,4.7K,8.9K
19,161,Rug Radio - Genesis NFT,279.7,-4.26%,-13.53%,0.36,10.3K,20.0K
41,162,FancyBirds,279.45,+350.89%,-52.99%,0.48,2.4K,8.9K
18,163,Creepy Creams: Mecha Melters,273.16,-7.97%,-39.72%,0.05,2.9K,6.0K
9,164,Compass Lifetime Pass,271.78,-41.52%,+325.15%,0.54,833,998
39,165,ASM AIFA Genesis,270.84,-80.03%,+38.50%,4.97,898,10.0K
13,166,Nuclear Nerds of the Accidental Apocalypse,269.74,+26.73%,-66.74%,0.43,3.6K,9.0K
38,167,Smilesssvrs ::),267.73,-14.43%,+25.15%,1.15,4.5K,8.7K
10,168,Grails by PROOF Collective,261.01,-60.25%,---,4.95,273,354
36,169,CryptoRayRays,258.04,-16.07%,+499.39%,0.17,4.6K,9.6K
11,170,FLUF World: Burrows,257.87,+59.83%,-22.84%,0.99,3.3K,10.5K
0,171,KlayCity District,"588,141.47",+817.50%,-70.79%,12500,627,1.0K
29,172,Sappy Seals,243.89,+43.25%,+0.05%,0.87,1.1K,10.0K
27,173,Cosmodinos Omega,243.22,-40.22%,-78.88%,0.07,4.3K,8.9K
6,174,Freaks N' Guilds - Celestial Keys,241.72,-72.89%,+167.80%,0.25,421,4.4K
3,175,The Doge Pound,239.7,-75.69%,+19.90%,1.2,5.7K,10.0K
4,176,Art Blocks Playground,239,+573.30%,+371.53%,---,6.9K,25.2K
22,177,Cryptovoxels,236.11,+48.20%,+1.61%,1.67,2.2K,7.2K
24,178,RUDEKIDZ,234.09,-46.11%,---,0.3,2.0K,3.5K
23,179,Creature World,233.78,-38.98%,-6.78%,0.96,6.2K,10.0K
18,180,Never Fear Truth by Johnny Depp,228.13,-39.32%,-49.26%,0.77,2.4K,2.7K
21,181,Zoofrenz by Zombot Studio,225.28,-6.19%,-73.98%,0.46,3.6K,6.7K
19,182,Crypto.Chicks,222.46,+120.31%,-80.88%,0.47,4.4K,10.0K
20,183,Atomverse Genesis,221.87,-27.75%,---,0.07,2.4K,4.4K
1,184,Divine Dogs Genesis,221.28,-52.65%,---,0.06,350,555
17,185,SUPERPLASTIC: SUPERGUCCI,218.6,+771.67%,+16.33%,6.95,370,500
15,186,FancyBears Metaverse Official,218.01,+74.43%,+13.74%,0.82,3.8K,7.9K
16,187,Re-Be World Land,"499,573.35",-82.94%,+171.08%,560,1.2K,4.0K
2,188,CryptoSkulls,216.7,-20.84%,-57.38%,1.09,4.2K,10.0K
14,189,Wolf Game - Migrated,215.69,+67.51%,+21.02%,0.98,643,13.7K
12,190,Neo Tokyo Outer Lands,215.56,+82.38%,---,0.36,3.2K,3.5K
13,191,the littles NFT,214.29,+118.21%,+30.07%,0.63,5.5K,10.0K
3,192,Psychedelics Anonymous Component 2,212.51,-70.58%,-46.95%,1.84,4.3K,6.5K
11,193,DEZUKI,206.98,-66.38%,---,0.01,3.2K,8.9K
4,194,Drawshop Kingdom Reverse,"476,269.17",-10.02%,-15.35%,8.1,2.9K,11.7K
10,195,Psychedelics Anonymous Component 1,206.55,-77.24%,-54.65%,0.88,5.3K,9.6K
5,196,Roborovski NFT Collection by SYA Concept,204.08,-36.97%,-64.02%,0.06,4.9K,7.8K
9,197,CrypToadz by GREMPLIN,203.07,+27.27%,+10.17%,2.09,3.9K,7.0K
6,198,HYPEBEARSCLUB.OFFICIAL,201.87,-31.10%,-13.07%,0.19,5.9K,10.0K
7,199,Not Your Bro,200.72,---,---,0.12,2.4K,5.8K
8,200,A0K1VERSE Credits,200.66,-51.36%,+35.36%,0.11,2.0K,1
75,201,Wassies by Wassies,197.72,-1.62%,+120.10%,0.65,2.6K,9.5K
73,202,Crypto Unicorns Market,196.73,+1.42%,-22.31%,1.47,510,10.0K
74,203,Internet Game Token,196.34,+55.60%,-43.94%,0.09,2.0K,8.0K
69,204,Fidenza by Tyler Hobbs,196.11,---,+130.72%,65,511,999
72,205,the sunnies collection,195.67,---,---,0.1,2.4K,6.2K
70,206,Apostles: Genesis,193.32,+37.73%,+49.57%,1.08,2.5K,7.3K
71,207,Chromie Squiggle by Snowfro,193.01,+395.00%,-45.21%,7.4,2.3K,9.3K
53,208,Azuki Mfer,191.36,-82.52%,---,0.03,2.8K,10.0K
68,209,Gutter Cat Gang,190.12,---,+29.05%,5.7,1.8K,3.0K
66,210,STONEYs by Satoshi's Mom,190.05,+31.03%,---,0.05,851,2.2K
67,211,Psychedelics Anonymous Printing Press,188.65,-51.22%,-48.95%,0.83,4.5K,6.8K
54,212,CryptoDickbutts,187.09,+91.81%,-78.43%,1.14,1.6K,5.2K
65,213,Pixl Pets - Genesis Collection,186.18,+92.77%,-64.43%,0.2,5.0K,15.0K
63,214,Phancy Pets,183.12,-82.93%,+37.13%,0.12,3.8K,7.6K
64,215,METAMON PROJECT,"421,693.51",-30.66%,-89.11%,133,1.8K,10.0K
55,216,Mirandus,181.39,-40.35%,-4.60%,0.08,14.9K,182
62,217,RTFKT - CloneX Mintvial,181.38,---,-10.64%,24.8,542,542
56,218,Prime Ape Planet PAP,180.65,-55.09%,-20.06%,0.85,5.3K,7.9K
61,219,VOX Collectibles,179.11,+150.66%,+20.91%,1,3.4K,8.9K
57,220,3LAND WORLD,177.79,-100.00%,+47.02%,3.85,186,241
60,221,PhantaBear,177.61,+71.28%,-66.58%,0.99,5.3K,10.0K
58,222,Apocalyptic Apes,177.58,+121.02%,+33.97%,0.44,3.6K,8.9K
59,223,Jadu Hoverboard,177.31,+46.62%,-21.61%,0.59,4.2K,6.7K
44,224,CryptoMories,174.98,---,-38.76%,0.96,5.2K,10.0K
75,225,SupDucks,174.2,-52.61%,-28.06%,1.34,3.6K,10.0K
51,226,Quantum Curated,172.98,+251.08%,+410.40%,0.8,839,1.9K
72,227,The CryptoBear Watch Club,171.61,+19.61%,+538.99%,0.65,806,3.0K
50,228,RaidParty Heroes,171.19,+3.56%,-73.14%,0.93,3.1K,5.3K
68,229,Moon Ape Lab Genesis,170.98,-55.88%,+90.61%,0.2,1.8K,8.0K
48,230,Council of Kingz Official,170.42,-66.73%,+82.66%,0.38,1.8K,7.8K
69,231,CHILL RX,169.79,+1021.55%,-40.82%,0.1,4.1K,9.9K
70,232,TurkeysMegaverse,169.59,-68.34%,+42191.03%,0.02,3.3K,7.8K
0,233,FVCK_CRYSTAL//,169.47,-0.85%,+51.54%,2.6,2.1K,4.2K
67,234,Crypto Coven,167.9,+45.44%,-42.45%,1.15,4.8K,9.8K
65,235,Bears Deluxe,167.9,-36.76%,+48.66%,1,2.7K,6.2K
42,236,Rain Boy Club (RBC),166.96,-71.84%,---,0.09,2.1K,4.0K
61,237,Lives of Asuna,165.85,-57.34%,-36.26%,0.27,5.9K,10.0K
64,238,Nifty League DEGENs,165.73,-85.20%,+106.70%,0.69,3.3K,9.9K
62,239,Creepz Reptile Armoury,162.28,-10.63%,-9.64%,0.24,293,20.0K
63,240,The Sandbox ASSETS,161.28,-33.68%,+12.27%,< 0.01,27.8K,2.1K
54,241,EtherOrcs Genesis,161.25,+6.82%,+52.99%,2.69,71,5.0K
60,242,Meta Angels NFT,159.31,+55.65%,-82.25%,0.31,4.4K,10.0K
58,243,PartyBear,159.26,+13.14%,-15.13%,1.1,4.1K,9.7K
59,244,Cool Monkes Genesis,158.98,-71.09%,-14.29%,0.27,841,10.0K
55,245,NeckVille,158.82,+16.85%,+626.19%,0.05,2.7K,5.6K
57,246,Angry Polar Bears,"365,440.43",-56.83%,+357.35%,84,2.0K,9.0K
56,247,SuperFarm Genesis Series,158.28,+357.68%,-67.92%,0.06,4.5K,7.2K
1,248,The BapesClan Genesis,158.25,-46.09%,---,0.31,1.2K,1.7K
53,249,Forgotten Runes Wizards Cult,156.15,+187.79%,-18.42%,1.95,2.8K,9.4K
51,250,MekaVerse,155.38,-16.73%,-9.77%,0.87,5.0K,8.9K
52,251,Voyagers: Unknown | 304-X,154.04,---,---,0.27,724,1.2K
23,252,OCM Dessert,153.62,+233.19%,-57.35%,1.15,2.8K,3
50,253,Loot (for Adventurers),150.34,+22.81%,+38.21%,1.99,2.6K,7.8K
48,254,LIZZIE BENNETT,149.89,-76.81%,---,0.08,237,333
25,255,DarkEchelon,148.47,-84.09%,+122.22%,5.12,474,520
32,256,hauspets,148.41,+66.22%,---,0.14,4.0K,7.2K
22,257,0xApes Trilogy,147.93,+22.27%,-25.33%,0.21,3.9K,10.0K
44,258,THE 108 CIRCLE,146.44,-49.79%,+86.17%,0.61,456,3
45,259,Killer GF,146.41,+272.10%,-37.64%,0.39,4.2K,7.8K
16,260,ALPACADABRAZ,146.32,-23.59%,-26.81%,0.54,4.4K,9.7K
19,261,Thingdoms,145.88,-48.27%,-21.02%,0.34,4.6K,10.0K
41,262,KCG,145.68,-57.63%,+52.88%,0.28,2.4K,7.9K
42,263,Slimes World,145.31,-8.53%,+121.25%,0.15,698,1.0K
33,264,xmfers,144.17,-60.43%,-82.38%,0.02,2.6K,7.0K
15,265,WomenRise,143.48,-1.37%,-49.84%,0.47,5.7K,10.0K
13,266,Cyber Turtles Genesis,142.42,-12.32%,-49.43%,0.3,310,5.6K
38,267,The Long Lost,141.97,-44.93%,-20.53%,0.09,4.6K,10.0K
34,268,BLOCKS by harvmcm,140.61,+10.76%,---,0.23,604,1.0K
36,269,Angry Ape Army,139.3,-66.97%,+17.66%,2.9,1.1K,3.3K
35,270,The Flower Girls,138.42,+154.15%,-9.13%,0.58,4.2K,10.0K
2,271,Swampverse,138.4,+73.64%,+13.00%,0.38,4.8K,9.6K
7,272,Space Game - Marines & Aliens,137.54,-24.78%,-50.98%,0.03,239,22.0K
27,273,Deadfrenz Lab Access Pass,134.42,-27.65%,-44.73%,0.4,1.7K,6
28,274,Wolf Game - Wool Pouch,134.32,-73.81%,-24.80%,0.45,3.0K,9.5K
3,275,ENS: Ethereum Name Service,134.28,-92.39%,-39.04%,< 0.01,279.0K,607.5K
4,276,FoxFam,134.12,+28.54%,+16.09%,0.45,3.5K,10.0K
22,277,DiverseWorld,133.69,-48.64%,---,0.24,697,985
24,278,Jenkins the Valet: The Writer's Room,132.77,-83.01%,+110.93%,1.45,2.9K,6.9K
23,279,Gazers by Matt Kane,132.69,+124.60%,+43.28%,6.8,413,1.0K
18,280,Frontier Game,132.56,-17.39%,-16.78%,0.06,7.4K,56
21,281,WVRPS by WarpSound (Official),132.29,+26.55%,-62.98%,0.3,5.0K,10.0K
19,282,RaidParty Fighters,132.23,+33.19%,-76.59%,0.39,2.8K,9.1K
20,283,VOX Collectibles: Mirandus,130.9,+468.53%,-23.86%,1.1,4.1K,8.4K
1,284,DotsCountryCLub Collection,130.8,-100.00%,---,40,4,6
17,285,FLUF World: Thingies,130.45,-52.24%,-13.60%,1.3,3.0K,9.6K
15,286,CyberTHUG Genesis Club,"300,592.83",+64.90%,+169.77%,385,1.0K,10.0K
16,287,Ethernal Elves Sentinels,129.89,+18.14%,-43.11%,0.29,312,6.4K
2,288,The GFT Shoppe: Atari 50th Anniversary Commemorative Collection,128.04,+406.70%,+57.57%,0.05,4.7K,10.0K
14,289,Cosmos Kidz,127.51,-0.47%,-41.74%,0.05,2.9K,6.1K
12,290,Zodiac Capsules,127.17,+154.91%,+149.47%,0.5,1.9K,9.3K
13,291,Sherbet NFTs,126.34,-37.05%,-17.85%,0.15,3.6K,7.8K
3,292,Robotos Official,126.17,-50.98%,-15.32%,0.7,5.7K,10.0K
11,293,OogaVerse,125.65,+19.96%,+4.89%,0.42,967,4.1K
4,294,Wolf Game - Farmer,124.18,+373.57%,+23.45%,0.67,3.4K,11.7K
10,295,THE SHIBOSHIS,124.05,+5.14%,-52.73%,0.89,3.6K,10.0K
5,296,MetaHero Universe: Generative Identities,122.6,+173.74%,-31.13%,3.99,310,6.5K
9,297,FOMO MOFOS,122.39,-52.22%,+23.19%,0.29,4.3K,8.0K
6,298,Crypto Unicorns Shadowcorns,122.3,-4.33%,+3.72%,0.09,1.2K,5
7,299,10KTF,121.39,+9.01%,+466.62%,0.26,4.5K,18.4K
8,300,Sneaky Vampire Syndicate,120.1,+41.00%,-63.38%,0.83,1.3K,8.9K
75,301,LlamaBoost,119.69,-49.32%,-39.32%,0.69,1.6K,2
73,302,TheLandDAO Official,119.34,-6.43%,-41.19%,0.05,3.8K,8.9K
74,303,Pudgy Penguins,118.74,+14.47%,-37.88%,0.89,4.4K,8.9K
69,304,Angry Pitbull Club,117.85,-2.66%,-39.26%,0.19,5.3K,10.0K
72,305,Gooniez Gang Official,116.69,+41.98%,-89.58%,0.14,5.9K,8.9K
70,306,Crypto Unicorns Land Market,116.32,+42.99%,-10.66%,0.1,6.9K,30.0K
71,307,Champs Only,115.8,+193.14%,+19.58%,1.38,1.3K,1
53,308,STAPLEVERSE - FEED CLAN - PHASE 1 of 3,115.74,-68.34%,-16.54%,0.4,5.0K,10.0K
68,309,Cupcat Kittens,115.72,-59.37%,---,0.03,3.2K,8.3K
66,310,Cameo Pass,115.67,+2.54%,-89.81%,0.13,2.4K,3
67,311,Little Lemon Friends,115.55,-18.67%,-31.51%,0.25,5.3K,10.0K
54,312,inBetweeners by GianPiero,115.08,-37.74%,+11.47%,0.43,5.7K,10.8K
65,313,Stoner Ape Club | SAC,114.02,-15.53%,+83.65%,0.2,4.4K,6.7K
63,314,Cosmic Cats Official,113.49,+6.11%,-92.25%,0.05,5.0K,8.9K
64,315,Tom Sachs Rocket Factory,112.65,-100.00%,+995.86%,2.65,576,1.8K
55,316,Snoop Dogg - B.O.D.R,112.04,-52.12%,-11.95%,2.07,2.3K,1
62,317,Notorious Alien Space Agents,111.88,+82.38%,-76.71%,0.17,641,5.6K
56,318,The Weirdo Ghost Gang,111.78,+45.00%,-92.91%,0.2,2.5K,5.6K
61,319,Plug Pass,111.58,-29.61%,+16.49%,1.8,861,1
57,320,MonoLocco XYZ,111.47,---,---,0.19,948,1.3K
60,321,Official Dormant Dragons,111.38,-14.90%,+503.22%,0.16,1.7K,5.0K
58,322,Rumble Kong League,110.55,+227.90%,-17.52%,1.99,3.2K,10.0K
59,323,JUNGLE FREAKS BY TROSLEY,109.52,-51.27%,-14.65%,0.51,2.4K,10.0K
44,324,Phantom Galaxies Origin Collection,108.4,-19.08%,-6.31%,< 0.01,529.8K,2
75,325,Project Ririsu,106.63,+681.00%,-71.23%,0.05,2.6K,5.6K
51,326,EtherOrcs Allies,106.39,-14.30%,-18.11%,0.89,66,5.8K
72,327,MatrixWorld LandVoucher,106.16,-25.33%,+97.92%,1.35,1.1K,1.8K
50,328,FishyFam,106.1,-32.18%,-38.54%,0.19,6.0K,10.0K
68,329,Crypto SE7EN Society,"244,354.4",-46.41%,-59.65%,727,660,6.8K
48,330,Cosmic Trippies,105.71,-30.62%,+93.66%,0.08,1.2K,7.6K
69,331,LinksDAO,105.56,+463.55%,-40.73%,0.64,5.3K,9.1K
47,332,Neo Tokyo Outer Item Caches,105.26,+39.52%,-36.08%,0.34,3.8K,4.3K
0,333,findbalance,104.99,-47.95%,-62.96%,0.38,964,6
67,334,Shades Of You NFT,104.89,-49.98%,-68.52%,0.03,2.5K,7.0K
41,335,Geisha Tea House,104.81,-59.00%,+167.52%,0.08,4.2K,10.0K
42,336,Pop Art Cats by Matt Chessco,104.09,+45.23%,-52.56%,0.17,5.0K,10.0K
61,337,ZED RUN Legacy,103.75,+82.38%,-71.17%,0.01,46.8K,217.9K
40,338,Creepz Mega Shapeshifterz,103.89,+9.59%,+2.86%,0.69,2.0K,3.5K
62,339,ALTAVA Second Skin Metamorphosis,101.52,---,---,0.34,1.0K,1.3K
39,340,Wolf Game - Genesis Land,101.39,+14.07%,+54.70%,0.38,5.3K,20.0K
30,341,Spotlight by Joshua Bagley,101.21,-40.86%,---,0.15,396,625
36,342,Cyber Gorillas Official,101.18,+37.15%,-64.10%,0.63,363,3.3K
34,343,My Curio Cards,100.91,-32.66%,-20.91%,0.4,4.9K,30
59,344,Evaverse,100.23,-18.41%,+1.64%,0.28,3.0K,10.0K
31,345,Letters by Vinnie Hager,99.58,-63.45%,+0.43%,3.9,853,1.0K
33,346,PX Quest,99.26,+1145.22%,-7.65%,0.29,3.1K,5.0K
32,347,Commsaur,98.68,+130996.21%,---,0.05,1.1K,3.3K
1,348,Fudders,98.52,-88.41%,+510.61%,0.08,2.9K,6.5K
53,349,Crypts and Caverns,97.1,-35.33%,-62.63%,0.17,1.3K,8.8K
27,350,Flooz GEN F,97.02,+60.20%,-22.43%,0.18,5.1K,10.0K
52,351,DumpsterDorks,96.29,-27.51%,-88.23%,0.13,2.0K,5.0K
23,352,BFF Friendship Bracelets,95.72,-7.84%,-22.26%,0.7,6.7K,7.4K
26,353,Sheet Fighter,95.68,-64.38%,-93.12%,0.09,1.3K,8.9K
48,354,Cryptoon Goonz,95.53,+1.38%,-21.56%,0.5,4.0K,7.0K
25,355,Angry Ape Army Evolution Collection,95.52,-24.21%,-26.62%,0.29,2.9K,10.0K
8,356,The Cryptoids,95.32,-69.50%,-74.46%,0.82,846,1.0K
46,357,Flyfish Club,94.62,+50.16%,-38.97%,4.29,1.3K,3.0K
20,358,Timeless Characters,94.5,+35.33%,+30.67%,0.62,3.1K,9.4K
45,359,The Heart Project,93.66,-55.46%,-32.38%,0.25,6.0K,9.9K
40,360,Origins NFT,93.12,-69.53%,+100.74%,3.55,843,2
43,361,HYPERSLOTHS-RDY-LABS,92.38,-71.97%,---,0.22,846,1.4K
41,362,Prime Kong Planet by PAP,92.16,+5.93%,-19.59%,0.14,5.7K,9.7K
42,363,HUXLEY Robots,91.71,-77.06%,-70.85%,7,520,1.0K
9,364,LOSTPOETS,90.96,-37.71%,-6.26%,0.62,8.4K,27.7K
15,365,Property's NFT,90.69,-5.95%,+186.73%,0.13,2.3K,6.0K
37,366,METABILLIONAIRE,90.51,-83.19%,+101.27%,0.28,4.2K,7.8K
14,367,Metaverse HQ,90.48,+100.29%,+14.55%,3.8,1.4K,1
34,368,Oi Sunnies,"205,349.7",-67.68%,+1003.85%,75,613,5.6K
12,369,Where My Vans Go,89,---,-62.66%,69,72,118
11,370,- TronWars -,88.77,+171.44%,+0.25%,0.18,5.1K,8.9K
0,371,Legionfarm Gaming Heroes #1,87.96,---,-67.10%,1.2,414,1.6K
29,372,G.I. Toadz,87.72,---,---,0.13,1.2K,3.0K
27,373,fRiENDSiES,86.89,-60.00%,+91.34%,2.95,825,1
6,374,Wasted Whales: Afterparty,85.32,+36.61%,---,0.19,471,1.6K
25,375,Gutter Dogs,83,+213.54%,+148.08%,1.7,2.0K,2.9K
26,376,META RABBITS OFFICIAL V1,"187,416",-26.32%,-64.38%,423,799,5.5K
22,377,Notorious Frogs,80.81,-44.25%,-49.25%,0.33,2.7K,10.0K
24,378,renaissance-nft,"185,616.42",-9.73%,-69.50%,960,786,3.1K
23,379,Superlative Apes,80.3,-0.90%,-54.30%,0.46,2.5K,4.4K
18,380,CULT&RAIN - The Genesis Collection,80.2,-45.58%,+23.35%,0.19,689,1.4K
21,381,Damien Hirst - The Currency,80.16,---,-13.09%,4.13,1.7K,2.2K
19,382,Voxel Ville Official,79.82,+152.94%,-49.52%,0.4,1.6K,4.3K
20,383,Bloodshed Bears TokenGenerator,79.72,---,---,0.2,135,1.9K
1,384,0xOrbit GENESIS,79.7,+146.85%,---,0.03,618,1
17,385,0xMAYC Official,79.62,+35589.30%,+19762.21%,0.01,2.2K,10.0K
15,386,LetsWalk,79.17,-40.22%,+181.24%,4.8,561,63
16,387,Superlative Mutated Apes,79.11,-15.76%,+58.05%,0.16,2.0K,4.4K
2,388,Pepe Universe Genesis,78.05,+84.17%,-45.75%,0.04,393,500
14,389,The CryptoDads,77.91,-49.98%,+319.28%,0.25,7.5K,10.0K
12,390,mphers,77.1,-47.48%,+6648.50%,< 0.01,1.6K,7.0K
13,391,Mintonian Society,77.01,-72.03%,+1031.14%,0.3,624,10.0K
3,392,Trillionaire Thugs,76.47,-15.38%,-46.83%,0.35,4.0K,7.8K
11,393,Ethereum Towers,76.35,-55.69%,-10.51%,0.83,1.3K,2.2K
4,394,Ascended NFT Official,76.33,+40.64%,-37.89%,0.13,4.4K,8.9K
10,395,think what you think,76.26,-55.06%,---,---,2,6
5,396,Ninja Squad Official,76.22,+203.00%,+36.74%,0.37,3.2K,8.9K
9,397,Netvrk Transports,75.9,---,+94.92%,0.12,1.9K,5.0K
6,398,Ash Chapter One: Carbon,75.75,---,+49.60%,4.99,728,853
7,399,Purrnelopes Country Club,75.5,+56.80%,+773.25%,0.3,3.1K,10.0K
8,400,Information Token,75,---,---,80,62,1
75,401,ARBO Artifacts,74.69,-67.40%,---,< 0.01,1.9K,46
73,402,Somnium Space VR,74.64,-85.16%,-34.06%,0.6,4.6K,5.8K
74,403,Roo Troop,74.03,-18.00%,-31.99%,0.13,2.1K,5.5K
69,404,Tsubasa By Tabinekokiki,73.83,+44.56%,---,0.19,555,845
72,405,Crypto Cannabis Club,73.73,+18.51%,-36.91%,0.3,4.4K,10.0K
70,406,MoonCats,73.68,+78.60%,-16.44%,0.52,5.6K,19.0K
71,407,Bloodshed Bears TreeHouse,73.47,---,---,0.17,148,1.5K
53,408,IRL Psychedelics Anonymous Pass,73.2,-84.04%,-54.97%,0.3,5.6K,9.6K
68,409,Voiceverse - Origins,72.5,-58.27%,+110.55%,0.07,2.8K,8.9K
66,410,Genesis isoroom,72.28,+2.90%,+57.59%,0.31,344,3.0K
67,411,Meta Penguin Island,72.06,+19.77%,-48.19%,0.08,2.3K,3.6K
54,412,Generative Dungeon,71.94,+172.45%,-27.83%,0.5,1.9K,3.0K
65,413,Fang Gang,71.91,+198.11%,+27.49%,0.23,4.4K,8.9K
63,414,MurMur Cats,70.88,+101.62%,-12.36%,3,330,537
64,415,Yeti Town NFT,70.78,+145.93%,-57.78%,0.16,2.0K,4.4K
55,416,BABY MONGZ OFFICIAL,"162,920.3",-41.13%,---,70,1.2K,5.5K
62,417,GhostsProject,70.66,+114.71%,-48.68%,0.25,3.4K,10.0K
56,418,Kong Club Official,70.51,-71.51%,-47.54%,0.01,4.9K,7.8K
61,419,WEEDGANG.GAME - PLOT,70.23,+57.12%,+125.95%,0.35,596,1
57,420,Chumbi Valley Official,70.01,+528.23%,+15.73%,0.73,1.9K,4.1K
60,421,Rengoku Legends [Samurai],69.85,+89.12%,-41.10%,0.16,3.8K,6.3K
58,422,AP Club NFT,69.69,-74.44%,---,1.8,142,159
59,423,DO NOT BUY. MIGRATION IN PROGRESS.,69.6,---,-56.50%,20,180,333
44,424,LIQUID METAL by TRIPLE SIX,69.25,-29.35%,-90.03%,0.02,2.4K,6.7K
75,425,Tie Dye Ninjas,69.24,-33.46%,+876.54%,0.06,3.0K,7.8K
51,426,Cyber Keys NFT,68.82,-64.14%,+1.34%,0.15,422,1.0K
49,427,NFTrees,68.65,+0.63%,+15.79%,14.9,260,421
50,428,Cyber Snails Official,68.64,-59.89%,---,0.04,1.0K,3.3K
45,429,DWCNFT GENESIS PASSES,68.04,---,+30.58%,5.7,245,1
48,430,Crypto Bull Society,67.81,+150.86%,-52.80%,0.31,4.7K,7.8K
69,431,Super Creators By IAC,67.7,-28.71%,-53.03%,3.22,831,2.2K
47,432,0N1 Force,66.8,-12.87%,-25.57%,0.47,4.3K,7.8K
30,433,Gambling Apes,66.77,+52.40%,-18.47%,0.52,3.8K,7.8K
67,434,Louis Moinet Space Revolution,66.43,---,---,0.26,582,1.0K
65,435,Recon Rams,66.42,-21.48%,-58.49%,0.09,1.9K,4.2K
66,436,CryptoDickbutts OG,65.95,-100.00%,+67.49%,6.2,110,161
61,437,Stampu,65.81,+89.30%,+440.16%,0.06,1.4K,40
40,438,Squishy Squad NFT,65.54,-28.32%,+37.95%,0.21,6.0K,8.9K
62,439,3DBears,64.97,-25.91%,-34.75%,0.03,3.5K,10.0K
63,440,iNFT Personality Pod by Alethea AI,64.86,-25.05%,-7.62%,0.34,1.7K,9.8K
54,441,NFT HUD Lifetime Access,64.43,-17.16%,-18.67%,0.38,2.7K,3.0K
60,442,Non Fungible Tools Lifetime Membership,63.48,+0.40%,+37.69%,0.95,1.1K,1
58,443,Royal Society of Players,63.35,-78.85%,+32.47%,0.17,1.6K,10.0K
59,444,Superchief Season 1 Starter Pack,63.31,-100.00%,+78.85%,0.2,359,324
55,445,onlySnipers,62.86,-10.21%,-72.20%,0.38,887,999
33,446,ZenAcademy,62.75,-69.50%,+1.54%,0.27,5.1K,2
32,447,The Girls of Armament V2,62.07,---,+343.36%,7,71,84
31,448,MKS Meta Kong Society,62.04,+19.98%,+132.29%,0.16,1.3K,2.1K
29,449,Uloan Token NFT,62,-100.00%,+342.86%,2,11,65
27,450,Incomplete Control by Tyler Hobbs,62,-100.00%,---,150,65,100
52,451,Rebel Bots,61.99,-25.53%,-42.51%,0.32,3.4K,10.0K
47,452,Cupcats Official,61.67,+2.63%,+270.31%,0.33,1.8K,5.0K
50,453,Cryptowalkers-Official,61.54,+292.20%,+27.39%,0.44,2.1K,6.5K
48,454,Girlies NFT,61.46,+19.85%,-73.14%,0.13,4.5K,10.0K
49,455,THE PATHFINDERS,61.33,+7.52%,+145.08%,0.11,1.2K,2.5K
32,456,The Mutant Mushies,61.01,+108.87%,---,0.26,298,420
22,457,Gutter Pigeons,60.76,+354.35%,+114.55%,1.19,1.9K,2.9K
20,458,Metaverse Psychedelics Anonymous Pass,60.65,-50.45%,-56.08%,0.24,5.6K,9.6K
21,459,TORIX GENESIS,60.35,+334.45%,-82.59%,0.3,1.3K,3.5K
40,460,Candy Hunters,60.14,+131.34%,-93.20%,0.03,4.6K,10.0K
43,461,More Than Gamers | MTG,60.02,+18.79%,+37.46%,0.12,5.6K,10.1K
17,462,Back Country,60,-100.00%,---,---,2,2
18,463,SandVegasCasinoClub Official,59.94,+51.84%,+1.32%,0.35,4.3K,11.1K
9,464,TOKYO PUNKS by SABET,59.64,+1.53%,+50.19%,0.1,2.9K,4.9K
39,465,Ecoverse Studio,"137,071.1",-80.59%,+1.49%,1800,321,1.5K
13,466,Creepy Creams: Alpha Wave,58.33,+4.68%,-19.67%,0.37,465,1.5K
38,467,the ape frens (Official),58.15,-96.39%,---,< 0.01,1.9K,7.8K
34,468,Solarbots.io,57.91,-78.22%,+50.12%,0.14,1.5K,38.8K
36,469,Kaiju Failed Experiments,57.48,-69.48%,-81.58%,1.25,308,1.8K
35,470,CATBOTICA,57.2,+63.65%,-66.60%,0.2,2.0K,12.0K
0,471,Undead Pastel Club,56.96,-8.86%,+17.05%,0.17,6.4K,10.0K
7,472,"Dog Days, Bogota by Alec Soth",56.8,-100.00%,---,1.7,36,55
27,473,Creepz Loomi Vault,56.03,-61.14%,+6.48%,0.35,157,5.0K
6,474,Zooverse Genesis,56.02,-60.11%,+83.74%,2.45,395,444
25,475,Kumo x World Residents,55.72,-61.36%,+6.24%,0.2,3.8K,6.6K
4,476,Sins Finance Nodes,55.66,+702.83%,+121.96%,0.1,471,895
22,477,THE PLUTO ALLIANCE,55.17,+216.81%,-74.85%,0.13,3.4K,10.0K
24,478,1989 Sisters,55.15,-59.39%,+103.39%,0.9,704,2.0K
23,479,Nostalgia by YMH,55.11,+98.52%,-27.79%,1.06,2.3K,2.7K
18,480,ZED RUN,55.09,+1.65%,---,< 0.01,11.0K,111.9K
21,481,BEANS - Dumb Ways to Die,54.96,+22.74%,-56.14%,0.15,4.2K,10.0K
19,482,Ape Invaders Genesis,54.79,-66.21%,-13.88%,0.18,594,5.5K
20,483,Bad Baby Dinos,54.51,+74.86%,-50.68%,0.17,1.7K,7.8K
1,484,888 inner circle,54.02,+36.05%,-74.04%,0.61,2.6K,1
17,485,AMBUSH OFFICIAL POW! Reboot,54.01,+333.14%,-93.66%,0.26,1.4K,2.0K
15,486,Furballs.com Official,53.77,+163.53%,+37.53%,0.61,1.1K,7.3K
16,487,Alpha Kongs Club - AKC,53.27,+25.62%,-68.44%,0.17,5.6K,8.9K
2,488,The Red Village Champions,52.55,+82.93%,+74.41%,0.12,2.2K,11.0K
14,489,Zuki mfer,52.53,-54.74%,-79.85%,< 0.01,2.3K,7.0K
12,490,TCG Dragon Cave Club,52.51,+8.29%,-42.89%,0.13,3.1K,10.0K
13,491,Desperate ApeWives,52.37,-16.99%,-11.88%,0.29,4.6K,10.0K
3,492,SUPERPLASTIC: Cryptojankyz,52.36,-7.93%,-50.67%,0.22,5.8K,13.9K
11,493,0xAzuki,51.97,-17.97%,-93.27%,0.02,4.1K,10.0K
4,494,Genesis Mana (for Loot),51.64,-36.85%,+49.21%,0.26,611,8.7K
10,495,The Ascendants - Gifts of The Gods,51.53,-23.37%,+49.72%,0.89,603,2
5,496,Deez Nuts (Official Nuts),51.4,-29.89%,-8.68%,0.32,3.5K,10.0K
9,497,ChubbyKaijuDAO,51.35,+0.92%,-6.56%,0.08,2.6K,10.0K
6,498,Toy Boogers,51.22,+11.83%,+37.73%,0.6,1.9K,3.3K
7,499,XenoInfinity,51.16,-39.41%,-13.87%,0.27,698,2.6K
8,500,THE SECRET SOCIETY XX Collection,51.06,-31.33%,+83.70%,0.13,2.8K,6.7K
75,501,Neo Tokyo Identities,50.83,---,-32.14%,9.99,63,2.0K
73,502,KLAY APE KIDS,"117,131.18",-28.20%,+23.75%,202,802,6.1K
74,503,Smircs,50.82,---,+2158.56%,2.37,82,124
69,504,Block Pass,50.77,-28.60%,---,0.19,468,569
72,505,Ballman project,50.7,+138.78%,-37.43%,0.09,2.8K,6.2K
70,506,Meta Pirates Project,50.66,-56.52%,+157.98%,0.21,848,1.4K
71,507,The Meta Key,50.51,+10.45%,+20.65%,0.19,6.1K,4
53,508,Laid Back Llamas Collection,50.33,+103.89%,-12.94%,0.18,3.5K,7.0K
68,509,ape mfers,50.31,-21.04%,-75.33%,0.08,1.8K,8.9K
66,510,Synth Heads,49.97,-43.58%,+45.53%,0.09,1.2K,3.0K
67,511,Varvara Alay,49.8,-67.28%,---,0.23,244,31
54,512,Phto All Access Pass,49.74,-56.84%,-30.35%,0.31,301,1
65,513,Crypto Raiders MOBS,49.69,-91.48%,+3.45%,0.11,1.5K,12.6K
63,514,LykeIsland,49.64,-14.77%,---,2.6,112,120
64,515,Hedgies,49.14,+768.89%,-25.85%,0.81,1.6K,2.5K
55,516,ASM AIFA All-Stars,49.05,-15.41%,-69.83%,0.2,3.1K,29.1K
62,517,MEV Army,48.89,+210.56%,+15.18%,0.12,3.9K,10.0K
56,518,SVCC Golden Gamblers,48.63,+366.78%,+13.08%,2.41,634,1.1K
61,519,Bricktopians by Law Degree,48.62,+25.60%,-4.14%,0.23,5.2K,10.0K
57,520,Kenome,"111,847",+1023.22%,-2.33%,700,144,10.0K
60,521,TheWhitelist.io - Aces,48.28,-65.33%,-20.21%,0.05,4.9K,10.0K
58,522,Hashmasks,47.69,+57.25%,+66.11%,0.74,5.1K,16.4K
59,523,Koonimals Official Collection,47.61,-65.82%,---,0.3,305,497
44,524,Forgotten Babies Wizard Orphanage,47.46,-82.97%,---,0.02,1.3K,10.0K
75,525,Wasted Whales: Pregame,47.4,+79.28%,+3.35%,0.75,350,800
51,526,Feral File #009 - Unsupervised,47.36,+260.89%,-55.16%,0.47,2.5K,3.3K
49,527,C-01 Official Collection,47.32,-29.19%,-38.90%,0.23,5.2K,8.9K
73,528,MutantBatz By Ozzy Osbourne,47.31,-7.46%,+24.70%,0.1,844,1.0K
68,529,Wulfz Official,47.24,-38.09%,+60.05%,0.1,933,6.7K
48,530,RugBurn,47.2,+504.67%,+61.75%,0.99,776,999
46,531,BomulPlanet Season One,"108,485.45",+79.07%,+216.48%,3075,396,5.1K
70,532,Anonymice,47,+1170.50%,+98.19%,1.39,360,10.0K
30,533,Kami Genesis,46.72,+115.79%,-76.08%,0.04,1.5K,2.9K
67,534,CROAKZ by McGill!,46.64,-7.30%,+186.90%,0.11,3.7K,7.0K
65,535,Exoplanets: The 4001 Project.,46.41,-12.72%,+463951.29%,0.05,885,4.0K
42,536,Nyan Cat (Official),46.34,-25.95%,+343.53%,1.03,646,24
37,537,BYOVape,45.83,+109.43%,-49.69%,0.4,2.8K,1
64,538,Lucky Lion Club Official (LLC),45.62,+41.29%,-63.73%,0.19,2.5K,4.0K
38,539,RTFKT Capsule Space Drip 1.2,45.45,-100.00%,+354.50%,11.5,204,348
63,540,My Fat Babiz,"104,252.59",-20.22%,+67.79%,269,287,6.4K
54,541,KLAY APE CLUB,"104,112.8",-18.81%,-57.73%,315,1.2K,10.0K
60,542,HypnoDuckz Genesis,44.74,+107.00%,-66.48%,0.68,384,555
34,543,Ultra Miners,44.63,-0.17%,-23.50%,0.53,2.2K,4.4K
59,544,OpenDAO Genesis Membership,44.5,+87.97%,-54.13%,0.06,3.7K,4
55,545,The Goobers,44.33,-82.24%,-38.27%,0.16,4.8K,14.5K
57,546,Gaia Kronos,"101,965.51",-48.67%,-9.43%,1800,704,2.2K
56,547,FEWOCiOUS x RTFKT,43.99,-100.00%,+60.55%,4,543,909
31,548,Women and Weapons,43.96,+50.31%,-55.41%,0.29,5.7K,10.0K
53,549,The Squishiverse NFT,43.78,+8.88%,-76.06%,0.06,4.3K,8.9K
51,550,Galaxy Fight Club,43.7,-44.22%,-44.95%,0.48,2.6K,10.1K
52,551,Bored Breakfast Club,43.39,-81.44%,+591.53%,0.09,2.6K,5.0K
47,552,Big Cats Official Collection,43.14,-36.12%,-50.66%,0.27,3.5K,5.2K
50,553,10KTF Stockroom,43.13,-60.63%,+124.60%,0.04,3.4K,14
48,554,JungleBay Ape Club,42.93,+123.18%,+87.50%,0.09,2.1K,5.6K
25,555,Screens by Thomas Lin Pedersen,42.9,-75.16%,+84.69%,1.8,512,999
8,556,Mad Meerkat Burrow,42.78,+62.41%,-30.04%,1.2,374,777
22,557,Private Jet Pyjama Party,42.71,-64.37%,-63.92%,0.73,2.2K,5.3K
20,558,Lucky Zeros | Purebase,42.7,-18.96%,+86.69%,0.43,1.4K,3.3K
21,559,Queens+Kings,42.68,+67.09%,-68.06%,0.19,2.6K,7.0K
16,560,Creepz Invasion Pass,42.54,+184.00%,-46.37%,0.2,3.6K,1
43,561,UglySweaters OFFICIAL,42.36,-5.05%,-72.52%,0.12,1.4K,65
17,562,PonziRugs - Onchain Art,42.21,+6.43%,+639.61%,1.25,221,307
18,563,Magic Mushroom Clubhouse,42.1,+91.25%,+43.57%,0.15,5.8K,9.2K
9,564,DASK - Dead Army Skeleton Klub,41.99,+242.68%,+15.14%,0.09,2.2K,7.0K
39,565,Woodies Generative Characters,41.9,+56.02%,-18.17%,0.25,3.8K,9.7K
13,566,CryptoMonkz - Official,41.52,-47.79%,-52.02%,0.23,1.2K,3.3K
14,567,Netvrk Bonuses,41.47,+126.34%,+63.82%,0.9,1.2K,1.9K
10,568,Worldwide Webb Items,41.4,---,-32.49%,3.7,220,315
12,569,NFTWrapped V3,41.28,-100.00%,+204.30%,0.9,669,707
35,570,merge.,41.23,-62.29%,-59.45%,0.15,9.3K,26.8K
2,571,WhaleTogether,41.21,+41.29%,-82.59%,0.08,4.8K,7.8K
7,572,Yakuza Inc. Official,40.45,-23.72%,+111.97%,0.12,1.9K,3.2K
5,573,Hunnys,40.41,-40.02%,+27.64%,0.06,2.8K,10.0K
6,574,Aku Chapters,40.29,-43.64%,+19.86%,0.31,863,13.6K
3,575,Dreaming Doge,40.04,+667.86%,+231.98%,0.12,505,10
4,576,Hashflow (Official),39.51,+48.87%,+145.19%,0.01,19.9K,30.1K
22,577,Sad Bots Genesis,39.5,-70.17%,-87.94%,0.06,2.0K,3.1K
24,578,The Repus,39.48,+85.41%,+635.35%,0.09,1.9K,3.6K
23,579,Flamigoz,39.42,-63.47%,---,0.03,245,400
19,580,KlayRabbit,"90,848.49",-44.54%,+224.83%,42,2.3K,9.7K
21,581,Ember Sword Badge,39.35,-43.10%,+66.72%,0.18,6.0K,4
20,582,ABSOLUTELY DO NOT MINT,39.23,-55.76%,+5.61%,0.16,1.1K,3.7K
1,583,Boonji Project,39.23,+7.31%,-5.97%,0.2,5.2K,11.1K
18,584,HENI: Damien Hirst - The Empresses,39.07,-89.08%,-90.54%,1.15,689,1.2K
16,585,Noodles (Official),39.06,+405.16%,-54.43%,0.29,2.8K,5.6K
17,586,PREMINT Creator Pass,39,+50.00%,-6.92%,0.9,253,275
2,587,Picks Passport,38.93,+156.13%,-76.07%,1.08,1.2K,1
15,588,Synthetic Dreams by Refik Anadol,38.88,+156.21%,+15.11%,2.15,621,1.0K
13,589,Syn City Genesis Pass,38.78,+11.64%,+0.08%,3.39,363,408
14,590,INNOCENTCATS NFT,38.72,+167.51%,-21.28%,0.14,3.4K,9.0K
3,591,Alpha Girl Club,38.7,+213.72%,-44.53%,0.23,5.2K,9.9K
12,592,Crypto Bears - By CBS,38.39,+117.63%,-78.93%,0.08,3.8K,6.4K
4,593,Meme VIP,38.29,-54.10%,---,0.09,651,3.6K
11,594,LaserCat NFT,38.16,-11.89%,-46.96%,3.33,484,520
5,595,Divine Anarchy,38.05,+554.69%,+0.38%,0.18,5.0K,10.0K
10,596,Ethereal Apes (Official),38.03,-55.12%,---,0.1,960,3.3K
6,597,Goons of Balatroon,37.96,+71.40%,+226.16%,0.16,3.3K,9.7K
9,598,Axolittles,37.76,-10.19%,+479.36%,0.08,3.7K,10.0K
7,599,Meridian by Matt DesLauriers,37.7,+34.00%,+4.75%,6.71,613,1.0K
8,600,Rarible,37.61,-11.66%,-4.78%,< 0.01,207.9K,312.4K
75,601,cryptodogz V3,37.5,-100.00%,---,1,3,4
73,602,Power Musix Seeds,37.39,-66.34%,-9.57%,0.42,671,1.0K
74,603,dogedash,37.29,+69.67%,+580.54%,0.07,1.6K,4.1K
69,604,TBAC,37.25,-100.00%,+21.74%,1.25,167,9
72,605,Flowtys,37.15,-75.52%,+1490.36%,0.07,3.8K,10.0K
70,606,KlayLand,"85,611.77",-7.56%,-43.47%,70,2.0K,6.8K
71,607,League of Kingdoms (Ethereum),36.88,+99.50%,+30.94%,0.03,1.8K,5.2K
53,608,Ember Sword Land,36.66,+134.84%,-35.12%,0.19,6.0K,40.0K
68,609,Memebank,36.3,-100.00%,---,---,5,6
66,610,Riot Girls,36.05,+81.16%,-95.16%,0.48,513,666
67,611,Ringers by Dmitri Cherniak,36,---,+12.50%,41,283,1.0K
54,612,metaENGImono,36,-100.00%,---,---,3,4
65,613,FLUF World: Scenes & Sounds,35.99,-13.10%,-7.93%,0.06,2.4K,55
63,614,Travel Tiger Club by Travala.com,35.97,+91.69%,-76.46%,3.4,822,1.0K
64,615,EllioTrades NFT Collection,35.92,-100.00%,+17.00%,2.19,796,1.9K
55,616,Voxies,35.89,+688.41%,+16.43%,0.45,1.7K,10.0K
62,617,Larva Lads,35.42,-62.57%,+275.65%,0.14,2.7K,5.0K
56,618,hypemfers,35.23,-86.79%,---,< 0.01,1.3K,7.0K
61,619,55Unity,35.09,-28.92%,---,0.11,647,2.3K
57,620,Gutter Rats,35.01,+108.50%,+21.31%,1.29,1.9K,3.0K
60,621,Egg Heads Club,34.99,-60.64%,+89.57%,0.09,1.7K,3.5K
58,622,Pixlverse Items,34.8,-28.22%,-65.23%,0.03,1.4K,18
59,623,Crash Test Joyride,34.79,+146.29%,+38.27%,0.1,2.2K,4.4K
44,624,Influence Crew,34.55,+1104.84%,+50.66%,0.11,1.2K,7.7K
75,625,BadBaby NFT Official,"79,564.01",-46.78%,---,178,414,956
51,626,Genesis Fat Academy,34.47,+48.33%,+29.81%,2.74,172,200
72,627,Party Degenerates,34.43,+40.20%,-33.59%,0.24,3.7K,10.0K
50,628,IlluminatiNFT,34.38,-46.78%,-13.08%,0.3,3.7K,8.1K
68,629,Project MIP Network,34.28,+861.65%,+62.36%,0.06,5.5K,9.6K
48,630,Superlative Magic Laboratory,34.2,-39.57%,---,0.07,1.9K,3
69,631,Birdez Gang Collection,34.18,-88.16%,+6.79%,1.09,547,1.3K
70,632,Colonists,34.17,-9.18%,+4.89%,0.08,5.7K,25.0K
0,633,Galaxy-Eggs,34.14,-29.47%,+51.41%,0.18,5.0K,10.0K
67,634,Beatnik Tiki Tribe,34.14,+184.29%,+2292.98%,0.07,1.5K,5.0K
65,635,GossApe Girl Official,34.04,-69.69%,-47.68%,0.13,3.4K,7.0K
42,636,BrainDrops,33.89,+711.01%,-55.77%,0.08,2.1K,7.2K
61,637,2112.run rootPasses,33.73,+42.50%,-8.01%,0.03,1.3K,6
64,638,Impact Theory Founder's Key,33.71,+44.79%,-2.24%,0.11,5.2K,15.1K
62,639,PILLS,33.41,-57.75%,-38.82%,0.58,760,1.6K
63,640,The Humanoids,33.36,-45.59%,-8.62%,0.23,3.9K,10.0K
54,641,Emblem Vault [Ethereum],33.32,+38.11%,-67.32%,0.04,5.3K,24.6K
60,642,WickensNFT,33.29,-82.41%,+590.75%,0.05,2.5K,6.7K
58,643,VoxoDeus,33.25,+93.58%,+425.57%,0.14,1.7K,6.3K
59,644,Women Unite,33.06,---,-30.20%,2.1,416,224
31,645,Meta Legends,33.02,-74.34%,-18.61%,0.15,5.2K,12.3K
33,646,RTFKT x JeffStaple,32.94,---,-59.27%,5,488,802
32,647,Black Meta Multipass,32.74,-16.52%,---,0.09,895,1.5K
1,648,uwucrew,32.48,+28.41%,-27.63%,0.22,4.0K,9.7K
29,649,Cozy Penguins NFT,32.46,+434.42%,-60.38%,0.06,3.7K,10.0K
51,650,Exclusible Alpha,32.46,+13.85%,-50.45%,0.42,1.2K,3.0K
28,651,Abstract by Hinote,32.39,-100.00%,---,---,454,1.1K
23,652,The Nifty Portal,32.29,+55.24%,-32.71%,0.13,4.9K,1
26,653,Louz City,32.18,-68.61%,---,0.08,497,1.1K
24,654,Cool Monkes Boosters,32.11,-6.24%,+32.94%,0.03,374,10.0K
49,655,MetaSniper,31.84,-44.84%,+6.40%,1.96,345,345
32,656,Alien Ape Yacht Club Collection,31.84,+57.86%,+24.77%,0.02,2.6K,10.0K
46,657,Art Blocks Factory,31.79,-19.57%,-21.88%,---,22.3K,85.5K
44,658,CityDAO Citizenship,31.7,-40.06%,+24.67%,0.52,5.0K,3
45,659,Life of Mon,31.7,-47.60%,---,0.97,80,1
40,660,GHARLIERA STAMPS,31.56,---,---,---,20,2
43,661,Ben Mezrich Project - Meme Stock Collection,31.5,-20.97%,-37.13%,0.1,3.5K,6.0K
17,662,BrokeBoyz,31.44,+328.52%,-36.81%,0.09,1.8K,6.9K
18,663,NFTNerds,31.42,---,+220.61%,4.9,97,1
9,664,Amazon Green Wall Club On Polygon,31.42,-100.00%,---,---,41,1
15,665,Artvatars One,31.19,+1386.00%,---,0.09,246,500
13,666,Meta Adventure Kongz Collaboration,"71,858.23",+2.41%,---,1800,93,100
14,667,FULL SEND X Alien Frens Official,31.11,-69.35%,-56.94%,0.32,855,1.0K
34,668,SapphireLicense,31.06,+73.30%,+146.69%,1.53,205,205
36,669,Marine Marauderz 2D,30.97,+238.09%,+507.56%,0.04,2.7K,7.8K
35,670,CyberBabies.io,30.75,+197.23%,+17.07%,0.97,481,500
0,671,Bad Bears Genesis,30.73,+60.01%,-66.89%,0.12,1.9K,5.6K
29,672,Neo Tokyo Part 3 Item Caches,30.54,+773.95%,+25.22%,1.15,376,2.5K
5,673,C86 Cyborg,30.48,-23.59%,+41.42%,0.09,4.0K,8.6K
6,674,Curious Addys' Trading Club,30.24,+90.65%,-53.78%,0.23,2.2K,5.0K
3,675,Neo Tokyo Part 2 Vault Cards,29.94,-38.89%,-53.21%,2.75,409,2.5K
26,676,Women of Crypto,29.89,-43.67%,-88.12%,0.05,5.2K,8.9K
22,677,A.N.I.M.O,29.87,+78.90%,+25.35%,0.12,3.8K,10.0K
24,678,Bored Doge Club,29.75,+64.35%,---,0.04,1.1K,2.0K
23,679,Devs for Revolution,29.65,+2.34%,+621.39%,0.16,5.8K,7.8K
18,680,beepos,29.63,+17.80%,-59.83%,0.03,4.6K,10.0K
21,681,BYOKey,29.52,-2.27%,+67.74%,3.09,224,1
19,682,Funky Flies Official,29.29,-43.01%,+124.17%,0.03,1.1K,7.8K
20,683,Kuroro Ferry Tickets,29.24,+175.72%,-13.75%,0.94,608,1
1,684,Bloodshed Bears Genesis MetaPass,29.16,---,-56.75%,---,126,1
17,685,TheMintPass,29.13,+399.63%,---,0.1,1.3K,2.5K
15,686,MetaLizards Official,29.1,+72.12%,-7.93%,0.05,1.5K,4.4K
16,687,NFT2040 Crates,28.91,-55.33%,+28.43%,0.33,878,2.5K
2,688,PunksVoxels,28.87,-45.93%,+288.06%,0.01,449,10.0K
14,689,MultiNode,28.79,---,-19.74%,0.14,987,2.5K
12,690,Board Ape Collective,28.71,+30.49%,-83.48%,0.13,666,2.0K
13,691,TIMEPieces Slices of TIME (Artists),28.68,-22.60%,-83.42%,0.04,2.6K,4.9K
3,692,MindFulls,28.67,+87.98%,-95.02%,0.14,562,1.1K
11,693,THE TOKS,28.66,-75.39%,---,0.03,1.2K,3.6K
4,694,Jadu Jetpack,28.53,-66.06%,-23.68%,3.25,763,1.1K
10,695,EtherLambos,28.45,---,+257.91%,0.7,779,1.6K
5,696,Coalition Crew 2.0,28.37,+147.15%,+35.00%,0.2,1.3K,4.0K
9,697,Remarkable Women NFT,28.2,-76.69%,-79.49%,0.07,2.3K,6.0K
6,698,Dreamland Genesis,28.1,-72.25%,-35.22%,0.07,4.3K,10.0K
7,699,Booze Bears Official,28.01,-44.59%,---,0.04,1.2K,3.3K
8,700,DinoBabies - Ziggy's Landing,27.97,+311.89%,+4.57%,0.15,3.0K,5.5K
75,701,Monster Ape Club | MAC,27.59,+49.62%,-62.15%,0.1,4.3K,8.0K
73,702,Samurai Saga,27.49,+19.26%,-27.30%,0.2,1.6K,10.0K
74,703,ArcadeNFT,27.43,-94.78%,-1.17%,0.1,3.2K,6.1K
69,704,Hungry Wolves,27.36,+78.95%,+41.25%,0.15,1.4K,6.0K
72,705,gm token,27.36,---,-59.63%,2,741,818
70,706,Honey Hives Deluxe,27.31,+71.43%,+19.18%,0.08,2.1K,5.6K
71,707,Dapper Dinos NFT,27.25,+641.86%,-4.31%,0.18,4.3K,10.0K
53,708,Genzee,27.25,+45.54%,+87.83%,0.09,3.4K,9.9K
68,709,One Hour Time Pieces,27.24,---,-10.05%,0.6,282,500
66,710,CryptoHippos Official,27.21,+26.45%,---,0.08,2.0K,4.8K
67,711,Creepz Shapeshifterz,27.17,+209.19%,-9.58%,0.11,1.4K,2.6K
54,712,Forgotten Ethereal Worlds,26.9,-100.00%,+216.47%,6.5,337,345
65,713,Katabolicz Genesis,26.8,-78.09%,-58.66%,0.83,771,888
63,714,KEYCard V1,26.7,-100.00%,-31.33%,---,115,118
64,715,X-Consoles by 0xnft,26.53,---,+31.21%,1.74,45,1.0K
55,716,Influence Asteroids,26.51,-12.27%,+254.33%,0.03,2.3K,11.1K
62,717,Evaverse Hoverboards,26.37,+53.10%,+14.06%,0.09,3.2K,10.0K
56,718,DuskBreakers,26.21,-8.28%,-65.48%,0.22,2.9K,10.0K
61,719,MutantCats,26.17,+12.51%,-84.09%,0.2,1.4K,10.0K
57,720,Apes-R-Us,26.06,-44.74%,-57.82%,0.1,3.8K,8.4K
60,721,Meka Ape Club (Official),26,-6.04%,+46.73%,0.17,2.8K,5.6K
58,722,Caked Apes Official,25.91,-52.91%,-2.64%,0.09,4.9K,8.9K
59,723,Sacred Skulls (Official),25.88,-3.30%,-40.56%,0.07,4.0K,8.9K
44,724,AnonymiceBreeding,25.8,-2.54%,-11.16%,0.45,1.8K,3.6K
75,725,All that Remains,25.79,-100.00%,-72.28%,0.79,345,6
51,726,Knights of Degen - Knights!,25.73,+334.87%,-21.39%,0.4,2.6K,8.9K
72,727,HUEPHORIA,25.48,-69.34%,---,0.01,365,777
50,728,Global Citizen Club,25.47,-1.93%,-29.32%,0.07,3.9K,8.9K
68,729,DSC | DIGITAL IDENTITY,"58,607",+266.79%,-80.39%,545,1.7K,10.0K
48,730,Dr. ETHvil's 3D FrankenPunks,25.39,-14.39%,-34.31%,0.09,5.6K,10.0K
69,731,XCOPY,25.1,---,-74.56%,4.1,711,1.3K
47,732,FOMO Dog Club,25.1,---,+42.61%,5.9,682,777
30,733,The Story Of Swipa The Fox,24.95,-100.00%,+8533.22%,---,120,6
67,734,ROHKI Genesis Key,24.91,-100.00%,-21.91%,---,83,100
65,735,DO NOT purchase from this collection. - Voyagers: Unknown | 304X,24.82,-99.65%,---,< 0.01,231,566
66,736,Angry Boars,24.8,-17.15%,-52.67%,0.06,3.5K,10.0K
61,737,Ether Cards Founder,24.74,-95.16%,+72.71%,0.49,1.5K,10.0K
40,738,Stoner Cats,24.7,+216.86%,+121.24%,0.3,5.1K,10.4K
62,739,Klay DinoMon,"56,844.46",-39.71%,-71.66%,46.85,607,3.0K
39,740,GANGSTER ALL STAR UNIVERSE,24.64,+55.15%,+3.68%,---,98,115
30,741,The Subtle Art of Not Giving a Fuck x Mark Manson,24.49,-58.60%,---,0.1,817,1.1K
36,742,Nonconformist Hell Ducks,24.47,+9.72%,+39.17%,0.03,1.5K,10.0K
58,743,X Rabbits Club,24.45,-51.18%,-65.36%,0.14,3.4K,7.5K
59,744,NFT Butler,24.4,-31.15%,+467.44%,0.7,61,1
55,745,Machine Hallucinations - NYC,24.36,-60.80%,+61.85%,1.89,331,1.0K
57,746,Mongz,"55,915.91",-65.59%,+71.00%,32,766,5.6K
32,747,Mysterverse - Lucky Zodiac,24.2,---,---,0.17,34,301
1,748,Mfers Ahead,24.14,+19.33%,+76.45%,0.18,198,421
29,749,SlimeFarm_NFT,"55,633.4",+159.29%,-59.14%,130,719,5.4K
27,750,ElectroPixelKongz,"55,604.9",-60.72%,-80.28%,120,1.8K,9.9K
52,751,Valiant Universe Punk Mambo,24.02,-52.75%,+314.14%,0.08,883,2.4K
23,752,Sneaky Bat Syndicate,23.92,+20.62%,-55.35%,0.19,1.5K,8.3K
26,753,Big Time Founders Collection,23.89,+70.32%,+78.88%,0.16,2.6K,5
48,754,LateDAO-Wawawa,23.79,-33.24%,-60.53%,0.29,2.7K,6.6K
25,755,Good Deeds With NFT's,23.77,-80.30%,+973.20%,0.19,353,1
8,756,//CreativeWorkStudios.,23.74,-39.23%,-51.43%,0.35,985,5
46,757,Riot Racers Cars,23.73,+80.95%,+338.54%,0.09,1.5K,6.8K
20,758,KokoDi_NFT,23.71,-6.68%,-92.18%,0.06,2.0K,5.6K
21,759,TiptoePunks,23.7,+84.17%,+2770.72%,0.1,450,2.5K
16,760,Sidus NFT Heroes,23.69,-84.77%,+153.03%,0.23,1.1K,5.3K
43,761,CyberBox Tools,23.64,---,+53.79%,---,165,1
41,762,Ape Kids Club (AKC),23.59,+44.76%,+20.83%,0.13,5.3K,10.0K
42,763,Rug Radio Membership Pass,23.53,-23.67%,-36.35%,0.08,13.7K,20.0K
9,764,Legend Maps: Founder Maps,23.47,-54.16%,+10.44%,0.19,1.8K,5.8K
15,765,FEWOCiOUS,23.36,-100.00%,+199.49%,2.25,807,1.7K
13,766,Ethalien,23.31,+595.86%,+0.50%,0.1,1.8K,7.5K
38,767,Hyena Hype Club,23.3,+61.44%,---,0.25,287,753
34,768,Planetary Property Association: Surrealestates,23.28,+28.30%,-5.03%,0.06,5.5K,10.0K
12,769,Ocarinas,23.24,+503.45%,+100.87%,0.22,484,1.6K
35,770,Ninja mfers Official,23.19,---,---,0.13,1.8K,4.4K
2,771,Heroes NFT Collection,23.18,-58.79%,-31.21%,0.17,909,3.3K
29,772,Doge Pound Puppies,23.13,+140.60%,-12.27%,0.16,4.8K,8.2K
27,773,entretiempos by Marcelo Soria-RodrÃ­guez,23.12,+9.35%,-89.76%,0.42,460,1.0K
6,774,GENESIS APIENS,23.08,---,---,---,8,10
3,775,The Mysterious World,22.97,+3673.33%,+175.68%,0.04,2.6K,6.7K
4,776,mfer x wavelength,22.95,-72.28%,-74.99%,0.9,168,2
22,777,EyeOfTheSyndicate,22.92,-66.90%,-38.90%,2.25,88,1
24,778,Kawaii Skull,22.91,-20.04%,-93.29%,0.03,4.1K,10.0K
23,779,Crypto Raiders Characters,22.85,-32.79%,-51.48%,0.03,3.2K,58.2K
18,780,Punk X Official,22.76,-4.14%,-66.36%,0.2,340,3.1K
21,781,The Wanderers,22.71,-21.44%,-61.98%,0.37,4.2K,8.9K
19,782,Why Was 6 Afraid of 7,22.67,-100.00%,---,< 0.01,345,789
20,783,Sketchy Ape Book Club,22.67,-91.47%,+616.10%,0.06,2.2K,10.0K
1,784,Lucky Tags Armada Genesis Collection,22.66,-66.91%,---,0.04,236,501
17,785,Enigma Economy NFT,22.52,+36.49%,+53.61%,0.25,349,8.0K
15,786,Planktoons,22.21,-66.53%,-95.00%,0.04,2.5K,4.4K
16,787,MetaMoose - MTMS,22.19,+99.73%,-27.73%,0.25,649,1.0K
2,788,Animetas,22.14,-52.12%,-48.35%,0.23,4.2K,10.1K
14,789,Genesis TWD,22.13,-47.87%,---,0.11,449,777
12,790,Super Apes Club: Genesis,22.08,+162.18%,-2.61%,0.07,717,2.2K
13,791,Crookz by NIXON,21.96,-67.38%,-32.20%,0.05,4.3K,10.0K
3,792,Bears Deluxe Old,21.95,-50.39%,+23.73%,1.9,429,6.9K
11,793,ZenApe,21.9,-34.14%,-24.95%,0.25,2.4K,5.0K
4,794,Mutant Anatomy Science Ape Club,21.86,-73.00%,+176.68%,0.02,5.9K,16.0K
10,795,ARBO Heroes,21.79,-29.87%,---,0.03,1.8K,10.0K
5,796,Project Aurora by Shift/Space,21.76,-100.00%,---,---,1,1
9,797,The Beeings,21.62,-20.96%,-55.32%,0.04,5.7K,10.0K
6,798,Gunslingers Collection,21.61,+77.67%,+20.61%,0.06,3.6K,7.8K
7,799,Celestials ETH,21.51,-66.41%,-83.65%,0.04,1.8K,4.0K
8,800,DeRace Horses,21.49,-45.01%,-31.94%,0.22,1.9K,4.9K
75,801,CrazySkullzNFT,21.46,-80.03%,-89.71%,0.07,2.9K,10.0K
73,802,The Fungible by Pak,21.45,---,+0.75%,5,929,6.3K
74,803,Square-Bears-NFT,21.37,-68.58%,---,0.04,492,1.2K
69,804,The Animoon,21.3,-59.88%,+99.95%,0.06,5.3K,10.0K
72,805,lobsterdao,21.25,+501.99%,+56.81%,1.92,1.6K,3.4K
70,806,The OctoMob Family,21.12,-100.00%,+428.09%,---,36,40
71,807,The F8 Club - NFT,20.99,-94.76%,+19.99%,0.22,976,3.8K
53,808,FF Cowbear,20.85,---,-36.91%,---,28,191
68,809,xmfer pets,20.84,-87.42%,---,< 0.01,977,2.7K
66,810,Icy Founders Club,20.84,-54.87%,+103.83%,0.62,1.3K,1.3K
67,811,Seed Round Collection,20.8,+732.50%,-53.31%,1.52,83,2
54,812,Defenders of Dogewood,20.8,+503.78%,+5.03%,0.27,236,5.0K
65,813,Alpha Shark,20.77,---,-66.60%,12,429,450
63,814,Da Workers,20.74,---,---,0.6,199,301
64,815,NFTs Mining,20.62,-45.41%,-46.19%,0.04,1.1K,4
55,816,Bad Face Bots,20.57,+106.28%,-30.29%,0.12,2.6K,5.6K
62,817,Sipherian Surge,20.48,+60.98%,-38.01%,0.28,3.8K,10.0K
56,818,"2426c TRENDY GANG SERIES01 featuring CLOT ""SOULJAHZ""",20.44,+255.94%,-85.54%,0.15,946,1.6K
61,819,GOATz,20.41,+331.16%,+4.14%,0.14,2.8K,7.2K
57,820,Tunney Munney,20.27,-69.08%,+939.13%,0.28,609,4.4K
60,821,COOL DOGS Official,20.24,-4.14%,+70.69%,0.12,2.6K,5.0K
58,822,Cosmic Reef by Leo Villareal,20.09,---,+140.95%,1.1,386,1.0K
59,823,CHIBI DINOS,19.91,+62.36%,-48.64%,0.13,3.3K,10.0K
44,824,Non-Fungible People by Daz 3D,19.85,+74.79%,+2.64%,0.1,3.4K,8.9K
75,825,8SIAN Main Collection,19.85,-43.62%,-27.13%,0.1,4.5K,8.9K
51,826,Nifty Island: Legendary Palms,19.84,-100.00%,-65.70%,2.99,567,6
49,827,ApeLanders NFT,19.74,-36.41%,---,< 0.01,448,2.2K
50,828,NFT Academy,19.73,+178.81%,+35.40%,0.75,524,1
45,829,Fyat Lux (Dawn Collection),19.73,+343.55%,+26.49%,0.08,3.9K,8.1K
48,830,Doge Army by ShibaDoge,19.58,-7.08%,+23.54%,0.15,2.0K,10.0K
46,831,Moon Ape Lab Mint Pass,19.51,-53.20%,+201.64%,0.19,807,1.1K
47,832,The Cybernites,19.41,-54.65%,+80.79%,0.04,911,3.1K
30,833,Non-Fungible Fungi Collection,19.31,+83.62%,-51.26%,0.14,3.5K,9.6K
43,834,Immortal Monks,19.31,-52.67%,-18.01%,0.5,1.1K,2.5K
65,835,Archetype by Kjetil Golid,19.25,-100.00%,-38.69%,13,317,600
42,836,Holy Villains,19.23,-32.05%,-55.58%,0.23,617,3.3K
37,837,OxyaOriginProject,19.11,+68.25%,-85.06%,0.29,3.0K,7.9K
40,838,PASS TICKET,"43,997.93",-100.00%,---,---,16,50
62,839,Ugly Math Apes,19.08,-79.23%,---,0.14,179,300
39,840,StrongBlock NFTs,19.05,-68.02%,-71.91%,1.44,1.3K,5.2K
54,841,Paradise Trippies,19.02,-50.53%,-19.43%,0.07,1.9K,10.0K
60,842,ParanormiesNFT,18.95,-11.29%,-94.32%,0.04,1.6K,4.2K
58,843,SoulWorld: LEGENDS,18.92,-75.55%,+2049.99%,0.25,73,100
35,844,DOODLE ROOMS,18.86,-18.34%,+59.48%,0.04,2.2K,10.0K
31,845,Golf Goonz,18.86,-70.36%,+3.05%,0.09,114,346
33,846,Crypto.Chick,18.85,---,-72.98%,3.1,147,200
32,847,Wavelength by Kaleb Johnston,18.85,+189.20%,-20.04%,1.35,704,1.1K
1,848,Moshi Mochi,18.84,-57.37%,-72.19%,0.06,3.8K,8.0K
53,849,HUXLEY Genesis,18.74,+162.37%,-54.50%,4.15,189,10
27,850,FASHION APE NFT,18.71,+176.14%,+29.28%,0.05,1.4K,2.0K
52,851,Illuvium,18.69,-88.25%,-5.10%,0.25,2.0K,21
47,852,ElysiumClubNFT,18.67,+258.08%,-51.10%,0.48,576,1.3K
50,853,Good Morning Cafe,18.6,-30.54%,+481.55%,2,250,333
24,854,dotdotdots,18.54,-86.93%,+57.27%,0.13,2.7K,4.9K
25,855,Habbo Avatars,18.46,-46.67%,-52.31%,0.16,4.3K,11.6K
32,856,Pluto Alliance V2,18.44,-52.40%,-14.60%,0.04,4.1K,10.0K
46,857,Demi-Human NFT,18.29,-27.45%,-35.01%,0.16,4.2K,10.0K
44,858,CryptoShibes,18.27,+12.48%,-93.60%,< 0.01,3.6K,10.0K
21,859,Project Spoon DAO,"42,086.58",+75.65%,+32.32%,71,1.4K,10.0K
16,860,Turf Objects,18.25,---,+578.44%,---,215,10
19,861,Immortals Futbol Club,18.25,-66.67%,---,0.25,70,100
41,862,iamjazmin Collection,18.2,---,+146.61%,3.9,3,9
42,863,The Superlative Secret Society,18.18,-19.47%,-77.73%,0.12,6.0K,11.1K
9,864,SUPERPLASTIC: Headtripz,18.13,+147.03%,-86.70%,0.07,3.3K,9.4K
39,865,Rebel Society,18.11,+17.62%,-49.75%,0.12,3.9K,7.0K
37,866,Phto. Curated Collection,18.09,+1006.82%,---,0.15,59,7
14,867,MetaScyra Origins,18.06,-81.44%,---,0.16,211,606
10,868,HPPRS Collection,17.94,-40.20%,-5.60%,0.1,2.9K,7.3K
12,869,Feathered Underdog Club,17.91,+546.94%,+17.35%,0.38,162,303
11,870,MegaToads,17.9,---,-31.51%,1.58,562,881
0,871,Elite Ape Entry Coins,17.83,-34.49%,-35.14%,0.1,8.8K,1
29,872,RandoMice Genesis,17.82,-70.80%,+945.53%,0.01,2.0K,7.0K
5,873,Shark Boy Fight Club,17.77,+234.41%,+28.38%,0.05,3.2K,8.9K
28,874,GRAYCRAFT2,17.75,-47.03%,-32.93%,0.33,1.6K,5.2K
25,875,Fortune Friends Club Official NFT,17.67,-23.92%,-84.22%,0.03,5.6K,8.9K
26,876,Firestarter Metaverse Champion,17.67,---,+113.15%,4.5,203,227
22,877,GANGSTER ALL STAR,17.65,-100.00%,+157.66%,---,47,64
24,878,Fury of The Fur NFT OFFICIAL,17.61,-30.22%,-58.53%,0.02,1.0K,2.4K
23,879,Lofi Guy,17.57,-100.00%,-63.69%,---,82,10
18,880,Long Neckie Ladies,17.56,+92.36%,-87.20%,0.6,1.6K,3.3K
21,881,Millionaire Puppy Club,17.51,-87.50%,---,0.2,12,99
19,882,STARKADE: Legion,17.49,+15.88%,+8.95%,0.07,2.0K,7.0K
20,883,Alfa Pass,17.38,+61.73%,-32.56%,0.38,1.9K,2.5K
1,884,CryptoZombiez NFT,17.32,+94.30%,+638.29%,0.08,830,5.6K
17,885,MferBots,17.31,+12.30%,---,0.01,577,2.0K
15,886,Affe mit Waffe,17.3,---,+43.36%,4.5,82,126
16,887,SlimeFarm_Land,"39,837",+24.49%,-39.36%,1445,328,502
2,888,The Invisibles by Noun Cats,17.22,+177.45%,-18.60%,0.04,1.3K,3.1K
14,889,Steve Aoki,17.2,+15.03%,+227.36%,0.18,966,2.9K
12,890,Eyes of Fashion Official,17.14,+67.46%,-69.78%,0.05,3.4K,8.9K
13,891,Exclusible Gold Alpha,17.07,-8.81%,-30.83%,3.79,328,388
3,892,Shields,17.02,+30.20%,+39.83%,0.19,1.6K,5.0K
11,893,Realms of Ether,17,---,-87.68%,7.7,159,384
4,894,The Token Beyond The Image,17,---,+4.80%,4.69,115,1
10,895,GLEWME CITY,16.99,+27.06%,+279.46%,0.1,444,2.8K
5,896,The CryptoMoms,16.97,+65.78%,+488.87%,0.09,6.7K,8.8K
9,897,Wilder World,16.95,+162.19%,-52.81%,0.47,2.3K,6.8K
6,898,HoopHeds,16.94,---,---,---,40,90
7,899,2112.run Genesis Cryptorunners,16.92,-0.42%,---,0.05,1.3K,2.6K
8,900,Holy Heroes,16.87,-10.34%,-18.27%,0.22,1.1K,3.3K
75,901,THE BORED GOATS COLLECTION,16.85,-8.74%,-52.85%,0.09,1.2K,1.7K
73,902,BRAiN VOMiTS GARDEN,16.84,+49.70%,-39.18%,0.35,2.3K,4.4K
74,903,Meemos World,16.77,+126.78%,-97.51%,0.03,2.9K,6.7K
69,904,SuperRare,16.76,---,-81.98%,0.12,6.2K,29.9K
72,905,AveragePunks,16.73,-16.08%,+247.44%,0.09,695,4.2K
70,906,DAVA Humanoids,16.62,-100.00%,+552.88%,0.08,1.5K,9.8K
71,907,XOiD Fleet 001,16.57,+232.41%,-40.38%,0.18,1.6K,4.4K
53,908,IreneDAO,16.57,+379.29%,-11.22%,0.8,487,1.1K
68,909,The SolaVerse: SOLA-STARS,16.56,+1367.92%,+51.60%,0.45,879,2.0K
66,910,A0K1VERSE Passport,16.5,-52.00%,---,0.1,1.4K,1.6K
67,911,Edifice by Ben Kovach,16.49,+131.58%,+99.40%,1.8,600,976
54,912,TIMEPieces Slices of TIME (Slices),16.47,+89.28%,-89.79%,0.04,3.0K,5.3K
65,913,Mad Rabbits Riot Club,16.47,+396.48%,-48.50%,0.1,2.5K,7.5K
63,914,CryptoFoxes,16.46,-56.08%,+137.58%,0.05,3.0K,11.1K
64,915,freshdrops,16.42,-100.00%,-44.98%,1,486,1
55,916,Corruption(s*),16.4,---,-34.53%,0.34,1.5K,4.2K
62,917,Grumpets,16.25,+42.33%,-84.41%,0.05,1.6K,3.6K
56,918,ExpansionPunks,16.17,-54.13%,-56.37%,0.11,3.2K,10.0K
61,919,The Alien Boy,16.16,-72.95%,+6.46%,0.15,3.7K,10.0K
57,920,Spider Tanks,16.16,+286.83%,-21.29%,0.03,6.1K,53
60,921,SpacePunksClub,16.14,-60.29%,+5.03%,0.13,4.4K,10.0K
58,922,Project Galaxy NFT,16.13,-34.75%,-9.85%,< 0.01,13.7K,28.0K
59,923,Async Blueprints,16.12,+540.89%,-67.94%,0.02,2.9K,7.3K
44,924,RTFKT PUNK PROJECT GEN 1,16.07,-100.00%,+147.23%,2.95,271,490
75,925,Soulection+ Radio: UNTITLED 001,16.05,+280.00%,---,0.24,301,333
52,925,Soulection+ Radio: UNTITLED 001,16.05,+280.00%,---,0.24,301,333
51,926,Crypto Assemblage,16,-100.00%,---,---,1,8
74,926,Crypto Assemblage,16,-100.00%,---,---,1,8
49,927,Daxio Owls,16,-100.00%,+1500.00%,---,59,103
72,927,Daxio Owls,16,-100.00%,+1500.00%,---,59,103
50,928,Nefturians,15.99,-19.46%,---,0.17,339,527
73,928,Nefturians,15.99,-19.46%,---,0.17,339,527
45,929,Liang Zhi Lao Hu by Dr. Woo,15.98,-100.00%,-60.05%,1.5,65,80
68,929,Liang Zhi Lao Hu by Dr. Woo,15.98,-100.00%,-60.05%,1.5,65,80
48,930,Good Rebels,15.97,-87.59%,---,0.09,169,3
71,930,Good Rebels,15.97,-87.59%,---,0.09,169,3
46,931,Wall St Bulls,15.97,+64.30%,-9.18%,0.16,3.7K,10.0K
69,931,Wall St Bulls,15.97,+64.30%,-9.18%,0.16,3.7K,10.0K
70,932,The Space Warriors Club,15.94,-16.07%,+22.90%,0.12,4.0K,6.5K
47,932,The Space Warriors Club,15.94,-16.07%,+22.90%,0.12,4.0K,6.5K
30,933,Polymorphs,15.92,-67.81%,-68.73%,0.19,2.2K,10.0K
0,933,Polymorphs,15.92,-67.81%,-68.73%,0.19,2.2K,10.0K
67,934,RUDE BOYS,15.86,+57.65%,+325.45%,0.2,1.2K,123
43,934,RUDE BOYS,15.86,+57.65%,+325.45%,0.2,1.2K,123
65,935,ALIENEGRA x EDC,15.85,+18.36%,-93.87%,0.09,1.2K,1.8K
41,935,ALIENEGRA x EDC,15.85,+18.36%,-93.87%,0.09,1.2K,1.8K
66,936,Bufficorn Buidl Brigade,15.77,-18.53%,-82.49%,0.04,4.2K,10.0K
42,936,Bufficorn Buidl Brigade,15.77,-18.53%,-82.49%,0.04,4.2K,10.0K
61,937,Klay Museum,"36,313.58",-57.67%,+1661.09%,125,585,5.5K
37,937,Klay Museum,"36,313.58",-57.67%,+1661.09%,125,585,5.5K
40,938,Pampered Pugs,15.7,-61.39%,---,0.09,281,340
64,938,Pampered Pugs,15.7,-61.39%,---,0.09,281,340
62,939,Rivermen,15.67,-90.59%,+218.88%,0.1,1.6K,10.0K
38,939,Rivermen,15.67,-90.59%,+218.88%,0.1,1.6K,10.0K
39,940,Galaktic Gang,15.65,-48.19%,-53.30%,0.2,2.6K,5.6K
63,940,Galaktic Gang,15.65,-48.19%,-53.30%,0.2,2.6K,5.6K
30,941,MetaaniGEN,15.64,-19.18%,+728.32%,0.39,776,1.4K
54,941,MetaaniGEN,15.64,-19.18%,+728.32%,0.39,776,1.4K
60,942,Genesis Penguins NFT,15.54,-88.25%,---,< 0.01,1.4K,10.0K
36,942,Genesis Penguins NFT,15.54,-88.25%,---,< 0.01,1.4K,10.0K
58,943,MetaPunk MintPass,15.52,-67.53%,---,0.02,224,22
34,943,MetaPunk MintPass,15.52,-67.53%,---,0.02,224,22
59,944,Non Either by RafaÃ«l Rozendaal,15.52,---,+417.33%,1.69,55,100
35,944,Non Either by RafaÃ«l Rozendaal,15.52,---,+417.33%,1.69,55,100
31,945,VeeFriends Mini Drops,15.49,---,+50.39%,1.25,590,1.2K
55,945,VeeFriends Mini Drops,15.49,---,+50.39%,1.25,590,1.2K
33,946,EtherOrcs Items,15.48,-58.59%,-28.96%,< 0.01,675,3
57,946,EtherOrcs Items,15.48,-58.59%,-28.96%,< 0.01,675,3
32,947,Ethlizards,15.48,-56.15%,-93.55%,0.05,1.4K,5.1K
56,947,Ethlizards,15.48,-56.15%,-93.55%,0.05,1.4K,5.1K
1,948,Degengineering Collection,15.47,-100.00%,-60.13%,0.69,88,12
31,948,Degengineering Collection,15.47,-100.00%,-60.13%,0.69,88,12
29,949,Meta Skeletons 2D,15.46,-45.03%,+8.24%,0.1,294,971
53,949,Meta Skeletons 2D,15.46,-45.03%,+8.24%,0.1,294,971
27,950,SpaceBoysNFT,15.45,-80.22%,+2212.69%,0.02,4.6K,8.9K
51,950,SpaceBoysNFT,15.45,-80.22%,+2212.69%,0.02,4.6K,8.9K
28,951,PUNKS: Origin Stories,15.45,-45.02%,-81.71%,0.13,3.6K,5.8K
52,951,PUNKS: Origin Stories,15.45,-45.02%,-81.71%,0.13,3.6K,5.8K
23,952,Chimera by mpkoz,15.43,---,-28.11%,1.25,652,987
47,952,Chimera by mpkoz,15.43,---,-28.11%,1.25,652,987
50,953,CrypToad Punks,15.33,-0.20%,-85.42%,0.03,2.1K,7.0K
26,953,CrypToad Punks,15.33,-0.20%,-85.42%,0.03,2.1K,7.0K
48,954,Legends of Venari Alpha Pass,15.33,-17.06%,-52.77%,0.37,1.3K,3.2K
24,954,Legends of Venari Alpha Pass,15.33,-17.06%,-52.77%,0.37,1.3K,3.2K
25,955,Cosmic Labs,15.33,-42.83%,-4.11%,0.06,3.6K,9.0K
49,955,Cosmic Labs,15.33,-42.83%,-4.11%,0.06,3.6K,9.0K
32,956,HOK Main,15.24,+655.33%,+23.10%,0.09,1.2K,3.3K
8,956,HOK Main,15.24,+655.33%,+23.10%,0.09,1.2K,3.3K
46,957,Anatomy Science Ape Club,15.23,-28.32%,+10.96%,0.05,4.3K,8.0K
22,957,Anatomy Science Ape Club,15.23,-28.32%,+10.96%,0.05,4.3K,8.0K
44,958,minomi,15.19,---,---,---,28,33
20,958,minomi,15.19,---,---,---,28,33
45,959,Pepsi Mic Drop,15.18,+39.50%,-72.42%,0.47,1.3K,1.9K
21,959,Pepsi Mic Drop,15.18,+39.50%,-72.42%,0.47,1.3K,1.9K
40,960,Wizards & Dragons Game (WnD),15.17,-62.49%,+18.62%,0.02,3.5K,46.2K
16,960,Wizards & Dragons Game (WnD),15.17,-62.49%,+18.62%,0.02,3.5K,46.2K
19,961,GenX by HOK,15.12,+14.59%,-32.48%,0.12,3.1K,10.0K
43,961,GenX by HOK,15.12,+14.59%,-32.48%,0.12,3.1K,10.0K
17,962,DIGITZ GENESIS COLLECTION,15.1,-39.28%,-18.03%,0.22,1.1K,2.2K
41,962,DIGITZ GENESIS COLLECTION,15.1,-39.28%,-18.03%,0.22,1.1K,2.2K
18,963,The Moon Boyz,15.05,+5.46%,+61.78%,0.08,3.6K,11.1K
42,963,The Moon Boyz,15.05,+5.46%,+61.78%,0.08,3.6K,11.1K
33,964,GFARM2 NFT 5,15,---,---,12.5,26,84
9,964,GFARM2 NFT 5,15,---,---,12.5,26,84
39,965,Eternal Collections - Cherish the moment,15,---,---,0.22,17,252
15,965,Eternal Collections - Cherish the moment,15,---,---,0.22,17,252
37,966,AMBUSH OFFICIAL POW! ENERGON,15,---,+200.00%,13,98,99
13,966,AMBUSH OFFICIAL POW! ENERGON,15,---,+200.00%,13,98,99
38,967,GENESIS HAPE,15,-100.00%,---,14.99,38,43
14,967,GENESIS HAPE,15,-100.00%,---,14.99,38,43
10,968,Scavengers NFT Genesis,14.99,-100.00%,-29.90%,0.65,394,555
34,968,Scavengers NFT Genesis,14.99,-100.00%,-29.90%,0.65,394,555
12,969,PEACEFUL GROUPIES,14.98,-28.74%,-22.50%,0.2,2.3K,10.0K
36,969,PEACEFUL GROUPIES,14.98,-28.74%,-22.50%,0.2,2.3K,10.0K
11,970,Lazy Kitties,14.94,-77.00%,---,< 0.01,1.6K,10.0K
35,970,Lazy Kitties,14.94,-77.00%,---,< 0.01,1.6K,10.0K
0,971,The Degenaissance,14.92,-48.92%,+104.72%,0.38,2.3K,2.5K
2,971,The Degenaissance,14.92,-48.92%,+104.72%,0.38,2.3K,2.5K
7,972,Galaxy-Warriors,14.89,-74.06%,-26.54%,0.06,4.1K,10.0K
29,972,Galaxy-Warriors,14.89,-74.06%,-26.54%,0.06,4.1K,10.0K
5,973,ImmortalPhoenix,14.87,---,+390.71%,0.12,469,999
27,973,ImmortalPhoenix,14.87,---,+390.71%,0.12,469,999
28,974,Gener8tive K-Compositions,14.85,-100.00%,-39.36%,2.88,131,250
6,974,Gener8tive K-Compositions,14.85,-100.00%,-39.36%,2.88,131,250
25,975,The Gnomies Club,14.84,-65.76%,+623.56%,0.07,1.1K,2.5K
3,975,The Gnomies Club,14.84,-65.76%,+623.56%,0.07,1.1K,2.5K
4,976,Neo Tokyo Part 4 Land Deeds,14.81,---,-26.50%,2.99,75,2.1K
26,976,Neo Tokyo Part 4 Land Deeds,14.81,---,-26.50%,2.99,75,2.1K
22,977,New World Order - NWO,14.79,+169.13%,+71.69%,0.07,3.1K,7.1K
24,978,Mythical_Legends,14.78,+28878.79%,-8.00%,0.02,42,83
23,979,Poolsuite - Executive Member,14.74,---,-6.03%,1.1,2.0K,2.5K
18,980,Mech Identity Protocol Tickets,14.72,+179.01%,-21.31%,0.04,1.9K,7
21,981,Forgotten Runes Ponies,14.67,---,+91.24%,2.8,338,456
19,982,Ghxsts,14.55,---,-35.60%,6,532,349
20,983,[Treasures Club] MASTERS,"33,409.54",+18.95%,-62.96%,159,1.5K,16.4K
1,984,MetaMorphMania,14.47,---,-57.86%,0.65,140,200
17,985,Super Yeti,14.43,+77.66%,-37.93%,0.11,4.3K,10.0K
15,986,TattooSkullzSociety,14.41,+43.41%,+7107.24%,0.09,1.5K,3.0K
16,987,Subscapes by Matt DesLauriers,14.39,---,---,9.5,264,650
2,988,The Royal Cubs,14.34,-69.75%,-40.59%,0.06,4.7K,8.9K
14,989,Grailers,14.31,-100.00%,+8.16%,1.78,411,909
12,990,PixelMap,14.25,+29.41%,-30.04%,1.75,498,1.6K
13,991,Chicken Derby,14.23,+33.89%,-70.28%,0.04,5.9K,33.3K
3,992,Sad Girls Bar,14.22,-16.39%,-50.75%,0.14,4.8K,10.0K
11,993,Mutant Ape Planet,14.16,-65.08%,-75.59%,0.05,4.0K,6.8K
4,994,Love Addicted Girls,14.16,-0.70%,-92.48%,0.04,2.1K,4.0K
10,995,SUPERPLASTIC: Headtripz Pillz,14.12,+1509.10%,-66.82%,0.08,1.9K,3
5,996,PolkaFantasy Game,14.07,-64.84%,---,0.01,771,8.1K
9,997,Star Wolves,14.03,---,+123.36%,5,90,90
6,998,National Parks NFT,14.03,-52.51%,-12.72%,0.07,1.9K,4.8K
7,999,REFLECTIONS NFT by Rich Simmons,14.02,-9.31%,-90.58%,0.06,1.9K,3.3K
8,1000,[TREASURES CLUB X CHANNEL A] CITYANGLER,"32,308.9",+320.10%,---,49,459,5.0K
